1995989266	2015-12-12T02:12:35	39	726228	radiant	dire	3781
1995874559	2015-12-12T00:08:49	39	726228	radiant	dire	3781
1993868977	2015-12-11T05:38:38	39	2163	radiant	radiant	3781
1993802548	2015-12-11T04:18:26	39	2163	radiant	dire	3781
1993737370	2015-12-11T03:27:43	39	2163	radiant	dire	3781
1993659090	2015-12-11T01:43:50	2512249	39	dire	dire	3781
1993608233	2015-12-11T00:22:56	39	2512249	radiant	radiant	3781
1949504719	2015-11-21T10:23:51	39	2586976	radiant	radiant	3671
1947612675	2015-11-20T15:01:30	39	1838315	radiant	radiant	3671
1943762819	2015-11-18T16:29:53	39	1520578	radiant	dire	3671
1943612348	2015-11-18T15:24:25	39	1520578	radiant	radiant	3671
1939511048	2015-11-16T13:18:11	2006913	39	dire	dire	3671
1995917878	2015-12-12T01:19:20	39	726228	dire	radiant	3781
1993753508	2015-12-11T03:24:38	39	2163	dire	dire	3781
1993547070	2015-12-10T23:17:59	39	2512249	dire	radiant	3781
1949769021	2015-11-21T12:49:13	2586976	39	radiant	dire	3671
1949609142	2015-11-21T11:39:12	2586976	39	radiant	dire	3671
1947775308	2015-11-20T16:17:41	1838315	39	radiant	radiant	3671
1947403563	2015-11-20T13:51:39	39	1838315	dire	radiant	3671
1939395493	2015-11-16T12:16:25	39	2006913	dire	radiant	3671
1983602094	2015-12-06T11:21:34	2246141	111474	dire	radiant	3534
1983480663	2015-12-06T10:02:45	111474	2246141	radiant	radiant	3534
1981322667	2015-12-05T14:27:46	111474	2163	radiant	radiant	3534
1977186331	2015-12-03T19:45:45	111474	1883502	radiant	dire	3902
1977091866	2015-12-03T17:54:59	1883502	111474	dire	dire	3902
1974697195	2015-12-02T15:25:19	111474	36	radiant	radiant	3902
1974521164	2015-12-02T14:06:23	36	111474	dire	radiant	3902
1983978130	2015-12-06T13:42:57	111474	2163	dire	dire	3534
1983817900	2015-12-06T12:35:59	111474	2163	dire	dire	3534
1981733381	2015-12-05T16:46:25	111474	2163	dire	dire	3534
1981562036	2015-12-05T15:35:31	111474	2163	dire	dire	3534
1976981059	2015-12-03T16:53:04	111474	1883502	dire	dire	3902
1973117951	2015-12-01T18:58:41	111474	2586976	dire	radiant	3902
1972994203	2015-12-01T17:47:02	111474	2586976	dire	radiant	3902
1963952938	2015-11-27T19:24:13	111474	46	dire	dire	3865
1963838471	2015-11-27T18:35:35	111474	46	dire	dire	3865
1963272790	2015-11-27T14:38:48	2276247	111474	radiant	dire	3865
1963134007	2015-11-27T13:26:52	111474	2276247	dire	dire	3865
1943424630	2015-11-18T13:52:36	111474	1883502	dire	radiant	3671
1943279606	2015-11-18T12:48:56	1883502	111474	radiant	radiant	3671
1896935224	2015-10-27T23:05:42	2519319	2246141	radiant	radiant	3534
1896884315	2015-10-27T22:04:53	2519319	2246141	radiant	dire	3534
1894505061	2015-10-26T18:54:04	2519319	1529126	radiant	dire	3534
1894427686	2015-10-26T18:02:38	1529126	2519319	dire	radiant	3534
1894319235	2015-10-26T17:08:39	46	2519319	dire	radiant	3534
1894183484	2015-10-26T16:13:37	2519319	46	radiant	radiant	3534
1892309589	2015-10-25T18:33:20	2519319	111474	radiant	dire	3726
1892222498	2015-10-25T17:31:48	2519319	111474	radiant	radiant	3726
1886804303	2015-10-23T17:02:07	2006913	2519319	dire	dire	3865
1884808502	2015-10-22T18:58:31	2519319	46	radiant	radiant	3781
1876218911	2015-10-18T16:56:42	2519319	1838315	radiant	dire	2392
1871750561	2015-10-17T03:43:54	1883502	2519319	dire	dire	2392
1871686450	2015-10-17T02:34:18	2519319	1883502	radiant	radiant	2392
1892081241	2015-10-25T16:47:21	111474	2519319	radiant	radiant	3726
1886935076	2015-10-23T18:02:26	2006913	2519319	radiant	radiant	3865
1884957668	2015-10-22T20:46:24	46	2519319	radiant	radiant	3781
1884897163	2015-10-22T19:48:28	46	2519319	radiant	dire	3781
1876353970	2015-10-18T18:14:54	2519319	1838315	dire	radiant	2392
1876100954	2015-10-18T16:03:12	2519319	1838315	dire	dire	2392
1876057304	2015-10-18T16:06:06	2519319	1838315	dire	radiant	2392
1998547629	2015-12-13T00:15:30	2586976	4	radiant	radiant	3781
1998424806	2015-12-12T22:23:32	4	2586976	dire	dire	3781
1991602467	2015-12-10T03:08:11	726228	2586976	dire	radiant	3781
1991188850	2015-12-09T19:51:57	543897	2586976	dire	radiant	3781
1991112163	2015-12-09T18:53:28	2586976	543897	radiant	dire	3781
1984529130	2015-12-06T17:58:01	2163	2586976	dire	radiant	3534
1982075607	2015-12-05T19:41:49	2586976	2163	radiant	radiant	3534
1981953141	2015-12-05T18:06:11	2163	2586976	dire	dire	3534
1981088223	2015-12-05T12:31:09	2586976	2246141	radiant	radiant	3534
1980941553	2015-12-05T11:37:53	2586976	2246141	radiant	dire	3534
1998715126	2015-12-13T02:57:18	1883502	2586976	radiant	dire	3781
1998652203	2015-12-13T02:05:42	1883502	2586976	radiant	dire	3781
1998496853	2015-12-12T23:18:00	4	2586976	radiant	radiant	3781
1991666142	2015-12-10T04:07:43	726228	2586976	radiant	radiant	3781
1991532094	2015-12-10T02:08:40	2586976	726228	dire	dire	3781
1984801723	2015-12-06T20:15:06	2586976	2163	dire	radiant	3534
1984698282	2015-12-06T19:04:02	2163	2586976	radiant	dire	3534
1984422652	2015-12-06T16:30:31	2586976	2163	dire	radiant	3534
1975123151	2015-12-02T18:55:07	1883502	2586976	radiant	radiant	3902
1986923590	2015-12-07T20:00:37	36	1838315	dire	dire	3902
1986797570	2015-12-07T19:02:49	36	1838315	dire	radiant	3902
1977437645	2015-12-03T22:11:43	2163	1838315	dire	radiant	3902
1950431595	2015-11-21T17:17:01	2586976	1838315	dire	dire	3671
1947775308	2015-11-20T16:17:41	1838315	39	radiant	radiant	3671
1947403563	2015-11-20T13:51:39	39	1838315	dire	radiant	3671
1944132605	2015-11-18T20:23:12	726228	1838315	dire	dire	3671
1944054411	2015-11-18T19:25:31	1838315	726228	radiant	radiant	3671
1986700969	2015-12-07T17:45:29	36	1838315	radiant	dire	3902
1979553906	2015-12-04T20:19:20	2537481	1838315	radiant	radiant	3902
1979480692	2015-12-04T19:30:11	2537481	1838315	radiant	dire	3902
1977511522	2015-12-03T23:06:27	2163	1838315	radiant	radiant	3902
1977354706	2015-12-03T21:00:02	1838315	2163	dire	dire	3902
1975286617	2015-12-02T20:48:45	1838315	2006913	dire	dire	3902
1975207688	2015-12-02T19:53:05	2006913	1838315	radiant	dire	3902
1950565767	2015-11-21T18:17:25	1838315	2586976	dire	dire	3671
1950217743	2015-11-21T16:09:21	1838315	2586976	dire	dire	3671
1950077300	2015-11-21T14:39:57	1838315	2586976	dire	dire	3671
1947612675	2015-11-20T15:01:30	39	1838315	radiant	radiant	3671
1943922409	2015-11-18T18:27:17	726228	1838315	radiant	dire	3671
1986700969	2015-12-07T17:45:29	36	1838315	radiant	dire	3902
1972824031	2015-12-01T16:23:36	36	2586976	radiant	dire	3902
1972685076	2015-12-01T15:08:42	2586976	36	dire	radiant	3902
1969056477	2015-11-29T19:30:02	1846548	36	dire	dire	3902
1968956176	2015-11-29T18:05:25	36	1846548	radiant	radiant	3902
1961794988	2015-11-26T20:44:34	1804536	36	dire	radiant	3902
1961725996	2015-11-26T19:34:09	1804536	36	dire	radiant	3902
1918839537	2015-11-06T20:19:48	2586976	36	dire	radiant	3902
1884887055	2015-10-22T19:45:21	36	2276247	radiant	dire	3726
1986923590	2015-12-07T20:00:37	36	1838315	dire	dire	3902
1986797570	2015-12-07T19:02:49	36	1838315	dire	radiant	3902
1979222731	2015-12-04T17:24:28	36	1883502	dire	radiant	3902
1979107752	2015-12-04T16:36:01	1883502	36	radiant	radiant	3902
1975226642	2015-12-02T20:08:34	2391764	36	radiant	NA	4119
1974697195	2015-12-02T15:25:19	111474	36	radiant	radiant	3902
1974521164	2015-12-02T14:06:23	36	111474	dire	radiant	3902
1972514674	2015-12-01T14:01:25	36	2586976	dire	radiant	3902
1919071372	2015-11-06T22:45:52	2586976	36	radiant	radiant	3902
1918959324	2015-11-06T21:51:15	36	2586976	dire	radiant	3902
1884954947	2015-10-22T20:44:34	2276247	36	radiant	dire	3726
1991025439	2015-12-09T18:24:09	46	2621843	radiant	dire	4119
1990864864	2015-12-09T16:30:59	46	2621843	radiant	NA	4119
1984372290	2015-12-06T16:15:34	2276247	46	dire	radiant	4112
1984196589	2015-12-06T15:17:20	46	2276247	radiant	radiant	4112
1983976841	2015-12-06T14:00:59	2276247	46	dire	dire	4112
1981984630	2015-12-05T18:41:28	2276247	46	dire	radiant	4112
1981854317	2015-12-05T17:34:23	46	2276247	radiant	radiant	4112
1981083926	2015-12-05T12:27:16	46	2006913	radiant	dire	4112
1980906731	2015-12-05T11:36:46	2006913	46	dire	radiant	4112
1975049040	2015-12-02T18:01:43	2558791	46	dire	radiant	4119
1974775000	2015-12-02T16:04:21	46	3	radiant	radiant	4112
1974609589	2015-12-02T14:25:33	1148284	46	dire	dire	4112
1991118106	2015-12-09T19:15:25	2621843	46	radiant	NA	4119
1990947335	2015-12-09T17:29:49	2621843	46	radiant	dire	4119
1983795459	2015-12-06T12:38:51	46	2276247	dire	radiant	4112
1981659369	2015-12-05T16:28:18	2276247	46	radiant	dire	4112
1974939502	2015-12-02T17:01:22	46	3	dire	dire	4112
1974443561	2015-12-02T13:15:49	46	1148284	dire	radiant	4112
1971360796	2015-11-30T21:55:31	2006913	46	radiant	radiant	4112
1971289057	2015-11-30T20:43:46	46	2006913	dire	radiant	4112
1961729453	2015-11-26T19:54:46	758797	46	radiant	dire	3865
1914471239	2015-11-04T19:11:33	758797	2276247	radiant	dire	3865
1889859648	2015-10-24T20:41:09	2085365	758797	dire	radiant	3865
1889745789	2015-10-24T19:39:48	758797	2085365	radiant	radiant	3865
1884874200	2015-10-22T19:42:30	758797	2535294	radiant	dire	3865
1880740219	2015-10-20T19:35:54	2006913	758797	dire	dire	3865
1847714664	2015-10-06T17:24:46	758797	NA	radiant	radiant	3990
1847634563	2015-10-06T16:16:42	758797	NA	radiant	radiant	3990
1961893492	2015-11-26T21:55:53	46	758797	radiant	dire	3865
1961829627	2015-11-26T20:53:33	758797	46	dire	radiant	3865
1961184471	2015-11-26T15:02:25	758797	2276247	dire	radiant	3865
1914345556	2015-11-04T18:12:39	758797	2276247	dire	dire	3865
1912218049	2015-11-03T19:17:27	758797	2586976	dire	radiant	3865
1912135868	2015-11-03T18:16:10	2586976	758797	radiant	dire	3865
1912105884	2015-11-03T18:30:10	2586976	758797	radiant	radiant	3865
1884961033	2015-10-22T20:45:38	2535294	758797	radiant	dire	3865
1880833167	2015-10-20T20:59:22	758797	2006913	dire	dire	3865
1880592577	2015-10-20T18:03:02	758797	111474	dire	dire	3865
1880480408	2015-10-20T17:04:13	758797	111474	dire	radiant	3865
1849321882	2015-10-07T12:02:57	758797	NA	dire	dire	3990
1992598958	2015-12-10T14:00:50	2413439	350190	dire	radiant	3902
1992443724	2015-12-10T12:59:56	350190	2413439	radiant	radiant	3902
1990065860	2015-12-09T10:12:44	350190	2108395	radiant	radiant	3902
1990008281	2015-12-09T09:21:13	2108395	350190	dire	dire	3902
1988394590	2015-12-08T14:18:53	350190	254140	radiant	radiant	3902
1988257358	2015-12-08T13:25:11	254140	350190	dire	radiant	3902
1978665269	2015-12-04T13:46:37	24	350190	dire	dire	4210
1976132158	2015-12-03T09:50:05	543897	350190	dire	radiant	4210
1974509830	2015-12-02T13:47:21	254140	350190	dire	NA	4210
1974383177	2015-12-02T12:42:32	350190	254140	radiant	radiant	4210
1988165729	2015-12-08T12:19:49	350190	254140	dire	radiant	3902
1987953814	2015-12-08T10:36:59	1148284	350190	radiant	dire	4210
1987847612	2015-12-08T09:38:09	350190	1148284	dire	dire	4210
1978524377	2015-12-04T12:45:09	350190	24	dire	dire	4210
1976212191	2015-12-03T11:24:19	350190	543897	dire	radiant	4210
1992598958	2015-12-10T14:00:50	2413439	350190	dire	radiant	3902
1992598958	2015-12-10T14:00:50	2413439	350190	dire	radiant	3902
1992443724	2015-12-10T12:59:56	350190	2413439	radiant	radiant	3902
1990065860	2015-12-09T10:12:44	350190	2108395	radiant	radiant	3902
1990008281	2015-12-09T09:21:13	2108395	350190	dire	dire	3902
1988394590	2015-12-08T14:18:53	350190	254140	radiant	radiant	3902
1988257358	2015-12-08T13:25:11	254140	350190	dire	radiant	3902
1978665269	2015-12-04T13:46:37	24	350190	dire	dire	4210
1976132158	2015-12-03T09:50:05	543897	350190	dire	radiant	4210
1974509830	2015-12-02T13:47:21	254140	350190	dire	NA	4210
1974383177	2015-12-02T12:42:32	350190	254140	radiant	radiant	4210
1988165729	2015-12-08T12:19:49	350190	254140	dire	radiant	3902
1987953814	2015-12-08T10:36:59	1148284	350190	radiant	dire	4210
1987847612	2015-12-08T09:38:09	350190	1148284	dire	dire	4210
1978524377	2015-12-04T12:45:09	350190	24	dire	dire	4210
1976212191	2015-12-03T11:24:19	350190	543897	dire	radiant	4210
1940220599	2015-11-16T19:46:27	350190	2586976	dire	dire	3671
1933313553	2015-11-13T18:39:26	350190	1375614	dire	dire	3671
1933221699	2015-11-13T17:30:07	1375614	350190	radiant	radiant	3671
1932637212	2015-11-13T12:47:36	350190	39	dire	dire	3671
1995917878	2015-12-12T01:19:20	39	726228	dire	radiant	3781
1991666142	2015-12-10T04:07:43	726228	2586976	radiant	radiant	3781
1991532094	2015-12-10T02:08:40	2586976	726228	dire	dire	3781
1991426957	2015-12-10T00:12:28	1883502	726228	dire	dire	3781
1991371320	2015-12-09T22:27:57	1883502	726228	dire	dire	3781
1943922409	2015-11-18T18:27:17	726228	1838315	radiant	dire	3671
1941706137	2015-11-17T15:41:50	1883502	726228	dire	dire	3671
1941444525	2015-11-17T13:31:15	1883502	726228	dire	radiant	3671
1933132833	2015-11-13T17:11:35	2006913	726228	dire	dire	3671
1932974786	2015-11-13T15:46:43	2006913	726228	dire	radiant	3671
1995989266	2015-12-12T02:12:35	39	726228	radiant	dire	3781
1995874559	2015-12-12T00:08:49	39	726228	radiant	dire	3781
1991602467	2015-12-10T03:08:11	726228	2586976	dire	radiant	3781
1991317227	2015-12-09T21:30:59	1883502	726228	radiant	radiant	3781
1947178316	2015-11-20T11:43:02	726228	4	dire	radiant	3671
1947084585	2015-11-20T10:28:21	4	726228	radiant	dire	3671
1944132605	2015-11-18T20:23:12	726228	1838315	dire	dire	3671
1944054411	2015-11-18T19:25:31	1838315	726228	radiant	radiant	3671
1941583291	2015-11-17T14:27:17	1883502	726228	radiant	radiant	3671
1932755249	2015-11-13T13:43:27	2006913	726228	radiant	dire	3671
1995624333	2015-12-11T20:59:32	2512249	4	radiant	radiant	3781
1993547070	2015-12-10T23:17:59	39	2512249	dire	radiant	3781
1973627733	2015-12-02T03:36:12	2512249	1983178	radiant	radiant	4181
1973572197	2015-12-02T02:20:55	2568195	2512249	dire	dire	4181
1959894535	2015-11-25T23:57:05	2512249	2428289	radiant	dire	3902
1959849601	2015-11-25T22:36:42	2512249	2428289	radiant	radiant	3902
1921687382	2015-11-07T23:10:44	2512249	1718551	radiant	radiant	3902
1921641351	2015-11-07T22:34:43	1718551	2512249	dire	radiant	3902
1919185854	2015-11-07T00:56:13	1718551	2512249	dire	radiant	3781
1919132235	2015-11-06T23:50:38	1718551	2512249	dire	radiant	3781
1919064824	2015-11-06T22:44:44	2512249	1718551	radiant	radiant	3781
1995781321	2015-12-11T22:58:25	2512249	4	dire	dire	3781
1995727685	2015-12-11T21:50:43	2512249	4	dire	dire	3781
1993659090	2015-12-11T01:43:50	2512249	39	dire	dire	3781
1993608233	2015-12-11T00:22:56	39	2512249	radiant	radiant	3781
1973512453	2015-12-02T01:22:43	2428289	2512249	radiant	radiant	4181
1964268761	2015-11-27T23:31:39	2512249	3	dire	dire	3902
1964210652	2015-11-27T22:37:28	3	2512249	radiant	dire	3902
1957974007	2015-11-25T02:45:31	2512249	3	dire	dire	3902
1957930465	2015-11-25T01:41:32	2512249	3	dire	radiant	3902
1998201818	2015-12-12T20:14:33	1883502	2163	dire	radiant	3781
1993753508	2015-12-11T03:24:38	39	2163	dire	dire	3781
1993447295	2015-12-10T21:39:54	2163	4	radiant	dire	3781
1993252604	2015-12-10T19:07:33	2163	4	radiant	dire	3781
1984801723	2015-12-06T20:15:06	2586976	2163	dire	radiant	3534
1984698282	2015-12-06T19:04:02	2163	2586976	radiant	dire	3534
1984422652	2015-12-06T16:30:31	2586976	2163	dire	radiant	3534
1983978130	2015-12-06T13:42:57	111474	2163	dire	dire	3534
1983817900	2015-12-06T12:35:59	111474	2163	dire	dire	3534
1981733381	2015-12-05T16:46:25	111474	2163	dire	dire	3534
1981562036	2015-12-05T15:35:31	111474	2163	dire	dire	3534
1998318531	2015-12-12T21:11:37	2163	1883502	dire	radiant	3781
1998032937	2015-12-12T19:02:13	2163	1883502	dire	dire	3781
1993868977	2015-12-11T05:38:38	39	2163	radiant	radiant	3781
1993802548	2015-12-11T04:18:26	39	2163	radiant	dire	3781
1993737370	2015-12-11T03:27:43	39	2163	radiant	dire	3781
1993348638	2015-12-10T20:23:46	4	2163	radiant	radiant	3781
1984529130	2015-12-06T17:58:01	2163	2586976	dire	radiant	3534
1982075607	2015-12-05T19:41:49	2586976	2163	radiant	radiant	3534
1981953141	2015-12-05T18:06:11	2163	2586976	dire	dire	3534
1990447881	2015-12-09T13:54:55	5	2221790	radiant	dire	3877
1988515110	2015-12-08T14:59:23	2538621	5	dire	radiant	3877
1988373598	2015-12-08T14:17:00	5	2538621	radiant	radiant	3877
1987773614	2015-12-08T08:58:52	2552118	5	dire	dire	3877
1987676731	2015-12-08T07:47:48	5	2552118	radiant	dire	3877
1984130258	2015-12-06T15:01:24	5	1951061	radiant	radiant	3877
1983981524	2015-12-06T13:48:08	1951061	5	dire	dire	3877
1981456061	2015-12-05T15:09:21	1983234	5	dire	dire	3877
1980856303	2015-12-05T10:53:37	2208748	5	dire	radiant	3877
1980733268	2015-12-05T10:03:33	5	2208748	radiant	dire	3877
1980597365	2015-12-05T08:57:59	5	2511019	radiant	radiant	3877
1980444551	2015-12-05T07:59:06	2511019	5	dire	dire	3877
1990613515	2015-12-09T14:49:10	2221790	5	radiant	radiant	3877
1983228466	2015-12-06T08:23:48	2635099	5	radiant	dire	3877
1983152233	2015-12-06T07:18:29	5	2635099	dire	radiant	3877
1981283567	2015-12-05T14:08:40	5	1983234	dire	radiant	3877
1961255210	2015-11-26T15:16:15	2539098	5	radiant	dire	3902
1961138750	2015-11-26T14:25:37	5	2539098	dire	dire	3902
1959233883	2015-11-25T15:39:55	1836806	5	radiant	dire	3902
1959124140	2015-11-25T14:57:36	5	1836806	dire	radiant	3902
1998715126	2015-12-13T02:57:18	1883502	2586976	radiant	dire	3781
1998652203	2015-12-13T02:05:42	1883502	2586976	radiant	dire	3781
1998318531	2015-12-12T21:11:37	2163	1883502	dire	radiant	3781
1998032937	2015-12-12T19:02:13	2163	1883502	dire	dire	3781
1995503349	2015-12-11T19:22:25	1883502	543897	radiant	radiant	3781
1995395126	2015-12-11T18:34:54	543897	1883502	dire	dire	3781
1991317227	2015-12-09T21:30:59	1883502	726228	radiant	radiant	3781
1979222731	2015-12-04T17:24:28	36	1883502	dire	radiant	3902
1979107752	2015-12-04T16:36:01	1883502	36	radiant	radiant	3902
1976981059	2015-12-03T16:53:04	111474	1883502	dire	dire	3902
1975300157	2015-12-02T21:02:39	1883502	2566398	radiant	radiant	4119
1975123151	2015-12-02T18:55:07	1883502	2586976	radiant	radiant	3902
1975030290	2015-12-02T18:00:01	1883502	2586976	radiant	radiant	3902
1998201818	2015-12-12T20:14:33	1883502	2163	dire	radiant	3781
1991426957	2015-12-10T00:12:28	1883502	726228	dire	dire	3781
1991371320	2015-12-09T22:27:57	1883502	726228	dire	dire	3781
1977186331	2015-12-03T19:45:45	111474	1883502	radiant	dire	3902
1977091866	2015-12-03T17:54:59	1883502	111474	dire	dire	3902
1974889056	2015-12-02T17:00:19	1883502	2586976	dire	radiant	3902
1995465383	2015-12-11T19:00:53	2537636	2566398	radiant	radiant	4127
1995359880	2015-12-11T18:18:32	2566398	2537636	dire	dire	4127
1993190841	2015-12-10T18:36:47	2642171	2537636	dire	dire	4127
1990961922	2015-12-09T17:36:44	2537636	2573493	radiant	radiant	4127
1990859218	2015-12-09T16:34:19	2573493	2537636	dire	dire	4127
1977204801	2015-12-03T18:51:33	2537636	55	radiant	radiant	4210
1973200167	2015-12-01T19:33:33	2537636	59	radiant	radiant	4210
1973112556	2015-12-01T18:48:10	59	2537636	dire	dire	4210
1964042856	2015-11-27T20:20:28	2425230	2537636	dire	dire	4038
1963730489	2015-11-27T17:31:38	2564834	2537636	dire	radiant	4038
1963613385	2015-11-27T16:49:13	2537636	2564834	radiant	dire	4038
1961521747	2015-11-26T17:21:14	2537636	2093509	radiant	dire	4038
1995262216	2015-12-11T17:26:32	2537636	2566398	dire	radiant	4127
1993385716	2015-12-10T20:46:12	2642171	2537636	radiant	dire	4127
1993292092	2015-12-10T19:46:13	2537636	2642171	dire	radiant	4127
1977381184	2015-12-03T21:19:01	2537636	55	dire	radiant	4119
1977296293	2015-12-03T20:05:57	2537636	55	dire	dire	4210
1977059438	2015-12-03T17:48:41	55	2537636	radiant	radiant	4210
1972999288	2015-12-01T17:48:44	2537636	59	dire	dire	4210
1963947353	2015-11-27T19:39:52	2537636	2425230	dire	radiant	4038
1983795459	2015-12-06T12:38:51	46	2276247	dire	radiant	4112
1983417752	2015-12-06T09:55:55	2006913	2276247	dire	radiant	4112
1983332654	2015-12-06T08:43:18	2006913	2276247	dire	dire	4112
1981659369	2015-12-05T16:28:18	2276247	46	radiant	dire	4112
1980714191	2015-12-05T09:53:03	1148284	2276247	dire	dire	4112
1980593715	2015-12-05T08:49:59	1148284	2276247	dire	dire	4112
1977299267	2015-12-03T19:56:30	2552670	2276247	dire	NA	4119
1973122832	2015-12-01T18:46:37	1148284	2276247	dire	radiant	4112
1973004653	2015-12-01T17:50:16	1148284	2276247	dire	radiant	4112
1972634929	2015-12-01T14:27:13	2535294	2276247	dire	radiant	4112
1972509339	2015-12-01T13:29:38	2535294	2276247	dire	radiant	4112
1972303233	2015-12-01T11:57:09	3	2276247	dire	dire	4112
1972195323	2015-12-01T10:52:48	2276247	3	radiant	dire	4112
1996979488	2015-12-12T11:36:19	2276247	2257369	dire	dire	4122
1984372290	2015-12-06T16:15:34	2276247	46	dire	radiant	4112
1984196589	2015-12-06T15:17:20	46	2276247	radiant	radiant	4112
1983976841	2015-12-06T14:00:59	2276247	46	dire	dire	4112
1981984630	2015-12-05T18:41:28	2276247	46	dire	radiant	4112
1981854317	2015-12-05T17:34:23	46	2276247	radiant	radiant	4112
1977261270	2015-12-03T20:00:12	2552670	2276247	radiant	NA	4119
1964386416	2015-11-28T01:46:51	3	2555665	dire	dire	3902
1960084115	2015-11-26T03:34:04	3	2555665	dire	dire	3902
1960034541	2015-11-26T02:32:16	2555665	3	radiant	radiant	3902
1957830312	2015-11-24T23:33:58	2555665	2428289	radiant	dire	3902
1957786873	2015-11-24T22:35:33	2428289	2555665	dire	radiant	3902
1910307270	2015-11-02T23:30:42	3	2555665	dire	radiant	3902
1910267258	2015-11-02T22:34:41	2555665	3	radiant	radiant	3902
1903463895	2015-10-31T01:55:22	2555665	1333179	radiant	radiant	3902
1903415213	2015-10-31T01:02:55	1333179	2555665	dire	radiant	3902
1901327318	2015-10-30T03:05:55	1276923	2555665	dire	dire	3902
1901280922	2015-10-30T02:05:38	1276923	2555665	dire	dire	3902
1887467922	2015-10-24T01:05:19	3	2555665	dire	dire	3781
1881092070	2015-10-21T02:00:16	1633432	2555665	dire	radiant	3781
1881039980	2015-10-21T00:57:14	1633432	2555665	dire	dire	3781
1964524740	2015-11-28T03:50:48	2555665	3	dire	dire	3902
1964455435	2015-11-28T02:43:53	3	2555665	radiant	radiant	3902
1959987099	2015-11-26T01:39:14	3	2555665	radiant	radiant	3902
1903304443	2015-10-30T23:55:35	2555665	1333179	dire	NA	3902
1887628433	2015-10-24T03:20:45	3	2555665	radiant	dire	3781
1887544494	2015-10-24T02:12:27	3	2555665	radiant	radiant	3781
1988165729	2015-12-08T12:19:49	350190	254140	dire	radiant	3902
1913711913	2015-11-04T13:49:38	254140	543897	radiant	radiant	3902
1913584778	2015-11-04T12:34:42	543897	254140	dire	dire	3902
1891354670	2015-10-25T11:53:30	1148284	254140	dire	dire	3902
1891053694	2015-10-25T09:37:12	254140	1148284	radiant	radiant	3902
1884222744	2015-10-22T14:14:50	24	254140	dire	dire	3781
1882177216	2015-10-21T14:41:33	543897	254140	dire	dire	3781
1990513975	2015-12-09T14:19:01	254140	2413439	dire	dire	3902
1990311698	2015-12-09T13:08:50	2413439	254140	radiant	dire	3902
1988394590	2015-12-08T14:18:53	350190	254140	radiant	radiant	3902
1988257358	2015-12-08T13:25:11	254140	350190	dire	radiant	3902
1974509830	2015-12-02T13:47:21	254140	350190	dire	NA	4210
1974383177	2015-12-02T12:42:32	350190	254140	radiant	radiant	4210
1909293563	2015-11-02T13:31:51	254140	2108395	dire	radiant	3902
1909192068	2015-11-02T12:25:01	2108395	254140	radiant	dire	3902
1891188879	2015-10-25T10:56:24	1148284	254140	radiant	radiant	3902
1884349784	2015-10-22T15:07:40	254140	24	dire	dire	3781
1884061610	2015-10-22T13:24:45	254140	24	dire	dire	3781
1882324179	2015-10-21T15:32:05	543897	254140	radiant	radiant	3781
1981406723	2015-12-05T14:42:35	1148284	2006913	dire	dire	4112
1981265554	2015-12-05T13:43:25	2006913	1148284	radiant	radiant	4112
1976836813	2015-12-03T15:53:10	2006913	2163	radiant	dire	3902
1976550135	2015-12-03T13:47:44	2006913	2163	radiant	dire	3902
1975286617	2015-12-02T20:48:45	1838315	2006913	dire	dire	3902
1975207688	2015-12-02T19:53:05	2006913	1838315	radiant	dire	3902
1974091429	2015-12-02T09:56:09	2006913	3	radiant	dire	4112
1974009775	2015-12-02T08:47:26	3	2006913	dire	dire	4112
1973372973	2015-12-01T21:49:18	2537481	2006913	dire	dire	3902
1973312892	2015-12-01T21:14:02	2006913	2537481	radiant	radiant	3902
1971360796	2015-11-30T21:55:31	2006913	46	radiant	radiant	4112
1983417752	2015-12-06T09:55:55	2006913	2276247	dire	radiant	4112
1983332654	2015-12-06T08:43:18	2006913	2276247	dire	dire	4112
1981083926	2015-12-05T12:27:16	46	2006913	radiant	dire	4112
1980906731	2015-12-05T11:36:46	2006913	46	dire	radiant	4112
1976726768	2015-12-03T14:44:16	2006913	2163	dire	dire	3902
1974298339	2015-12-02T11:54:42	1148284	2006913	radiant	dire	4112
1974218607	2015-12-02T10:53:18	2006913	1148284	dire	dire	4112
1973218862	2015-12-01T20:02:47	2537481	2006913	radiant	radiant	3902
1994541759	2015-12-11T12:29:29	24	1148284	dire	radiant	4210
1987953814	2015-12-08T10:36:59	1148284	350190	radiant	dire	4210
1987847612	2015-12-08T09:38:09	350190	1148284	dire	dire	4210
1974443561	2015-12-02T13:15:49	46	1148284	dire	radiant	4112
1974298339	2015-12-02T11:54:42	1148284	2006913	radiant	dire	4112
1974218607	2015-12-02T10:53:18	2006913	1148284	dire	dire	4112
1972775336	2015-12-01T15:30:16	2535294	1148284	dire	dire	4112
1972091798	2015-12-01T09:40:42	1148284	3	radiant	radiant	4112
1915570256	2015-11-05T10:47:40	1148284	543897	radiant	dire	3902
1915477141	2015-11-05T09:46:35	1148284	543897	radiant	radiant	3902
1994662524	2015-12-11T13:29:29	1148284	24	dire	dire	4210
1981406723	2015-12-05T14:42:35	1148284	2006913	dire	dire	4112
1981265554	2015-12-05T13:43:25	2006913	1148284	radiant	radiant	4112
1980714191	2015-12-05T09:53:03	1148284	2276247	dire	dire	4112
1980593715	2015-12-05T08:49:59	1148284	2276247	dire	dire	4112
1974609589	2015-12-02T14:25:33	1148284	46	dire	dire	4112
1973122832	2015-12-01T18:46:37	1148284	2276247	dire	radiant	4112
1973004653	2015-12-01T17:50:16	1148284	2276247	dire	radiant	4112
1972884657	2015-12-01T16:28:30	1148284	2535294	dire	dire	4112
1972001584	2015-12-01T08:46:59	1148284	3	dire	dire	4112
1973683095	2015-12-02T04:22:40	410456	15	dire	radiant	4177
1963528888	2015-11-27T16:05:20	1951061	15	dire	radiant	3902
1963377105	2015-11-27T15:08:11	15	1951061	radiant	dire	3902
1958924291	2015-11-25T13:36:21	15	2208748	radiant	dire	3902
1958774709	2015-11-25T12:38:39	2208748	15	dire	radiant	3902
1945561195	2015-11-19T15:19:58	4	15	dire	dire	3671
1942170116	2015-11-17T20:25:49	2605682	15	dire	dire	3671
1942091280	2015-11-17T19:22:54	2605682	15	dire	dire	3671
1936007405	2015-11-14T21:55:55	1333179	15	dire	radiant	3671
1935904612	2015-11-14T20:43:46	1333179	15	dire	dire	3671
1971600616	2015-12-01T02:29:58	15	2224698	dire	dire	4177
1971431579	2015-11-30T23:01:45	NA	15	radiant	radiant	4177
1963151513	2015-11-27T14:03:26	1951061	15	radiant	dire	3902
1958640905	2015-11-25T11:32:40	15	2208748	dire	dire	3902
1945721183	2015-11-19T16:24:11	4	15	radiant	radiant	3671
1945422325	2015-11-19T14:02:59	15	4	dire	radiant	3671
1939902040	2015-11-16T16:26:57	1520578	15	radiant	radiant	3671
1939712379	2015-11-16T14:59:22	1520578	15	radiant	radiant	3671
1935355746	2015-11-14T15:56:48	15	1838315	dire	dire	3671
1935124356	2015-11-14T15:07:20	1838315	15	radiant	dire	3671
1973223875	2015-12-01T20:00:27	2535294	3	radiant	radiant	4112
1972884657	2015-12-01T16:28:30	1148284	2535294	dire	dire	4112
1970986785	2015-11-30T17:34:45	2006913	2535294	dire	radiant	4112
1953166833	2015-11-22T17:57:05	2537481	2535294	dire	dire	3976
1975142109	2015-12-02T19:01:10	2537481	2535294	radiant	NA	4119
1973325825	2015-12-01T21:29:52	3	2535294	radiant	dire	4112
1972775336	2015-12-01T15:30:16	2535294	1148284	dire	dire	4112
1972634929	2015-12-01T14:27:13	2535294	2276247	dire	radiant	4112
1972509339	2015-12-01T13:29:38	2535294	2276247	dire	radiant	4112
1970848730	2015-11-30T16:18:48	2535294	2006913	dire	radiant	4112
1970701635	2015-11-30T14:47:12	2535294	46	dire	dire	4112
1970557642	2015-11-30T13:55:42	46	2535294	radiant	dire	4112
1959804252	2015-11-25T22:11:51	2535294	2564834	dire	dire	2954
1959740645	2015-11-25T21:08:31	2535294	2564834	dire	radiant	2954
1957536975	2015-11-24T19:11:36	2535294	2578382	dire	dire	4038
1957442415	2015-11-24T18:17:58	2578382	2535294	radiant	radiant	4038
1955308858	2015-11-23T17:58:12	2552670	2535294	radiant	dire	3976
1955171278	2015-11-23T16:39:14	2535294	2552670	dire	dire	3976
1953065505	2015-11-22T16:50:54	2535294	2537481	dire	radiant	3976
1998496853	2015-12-12T23:18:00	4	2586976	radiant	radiant	3781
1995781321	2015-12-11T22:58:25	2512249	4	dire	dire	3781
1995727685	2015-12-11T21:50:43	2512249	4	dire	dire	3781
1993348638	2015-12-10T20:23:46	4	2163	radiant	radiant	3781
1965895338	2015-11-28T14:50:42	4	1836806	radiant	dire	3902
1965679626	2015-11-28T13:47:00	1836806	4	dire	dire	3902
1960502464	2015-11-26T08:54:00	2535378	4	dire	radiant	3902
1960426129	2015-11-26T07:58:05	4	2535378	radiant	radiant	3902
1947992644	2015-11-20T17:47:03	2586976	4	dire	radiant	3671
1947178316	2015-11-20T11:43:02	726228	4	dire	radiant	3671
1947084585	2015-11-20T10:28:21	4	726228	radiant	dire	3671
1945721183	2015-11-19T16:24:11	4	15	radiant	radiant	3671
1998547629	2015-12-13T00:15:30	2586976	4	radiant	radiant	3781
1998424806	2015-12-12T22:23:32	4	2586976	dire	dire	3781
1995624333	2015-12-11T20:59:32	2512249	4	radiant	radiant	3781
1993447295	2015-12-10T21:39:54	2163	4	radiant	dire	3781
1993252604	2015-12-10T19:07:33	2163	4	radiant	dire	3781
1948190353	2015-11-20T19:35:37	4	2586976	dire	radiant	3671
1948102678	2015-11-20T18:40:07	4	2586976	dire	dire	3671
1945561195	2015-11-19T15:19:58	4	15	dire	dire	3671
1860687975	2015-10-12T00:27:43	3	1884355	dire	radiant	3671
1860642249	2015-10-11T23:23:20	1884355	3	radiant	radiant	3671
1857471813	2015-10-10T18:35:32	1884355	2428289	radiant	dire	3671
1854659446	2015-10-09T16:36:15	2350559	1884355	dire	radiant	3781
1808715950	2015-09-21T02:34:29	1884355	2270766	radiant	radiant	3552
1800855339	2015-09-18T03:01:27	1884355	67	radiant	radiant	3779
1800788917	2015-09-18T01:54:47	67	1884355	dire	radiant	3779
1883149460	2015-10-22T02:03:22	3	1884355	radiant	radiant	3781
1883087699	2015-10-22T01:15:40	1884355	3	dire	radiant	3781
1860326316	2015-10-11T19:23:17	1884355	1333179	dire	dire	3671
1860171027	2015-10-11T18:06:35	1884355	1333179	dire	radiant	3671
1858086320	2015-10-11T01:53:09	2534655	1884355	radiant	dire	3671
1858029219	2015-10-11T00:41:27	2534655	1884355	radiant	dire	3671
1857386780	2015-10-10T17:31:50	1884355	2428289	dire	dire	3671
1854807902	2015-10-09T18:03:27	2350559	1884355	radiant	dire	3781
1854538042	2015-10-09T15:47:17	2350559	1884355	radiant	dire	3781
1808571561	2015-09-20T23:44:19	1884355	3	dire	radiant	3779
1808507369	2015-09-20T22:59:59	3	1884355	radiant	radiant	3779
1777954143	2015-09-08T03:47:00	1884355	2488099	dire	radiant	3502
1991367633	2015-12-09T22:33:29	2622695	2428289	dire	radiant	3688
1991274589	2015-12-09T21:11:35	2428289	2622695	radiant	dire	3688
1979978690	2015-12-05T02:35:57	2284551	2428289	dire	dire	4049
1975520064	2015-12-03T01:09:27	2428289	2568195	radiant	radiant	4181
1973512453	2015-12-02T01:22:43	2428289	2512249	radiant	radiant	4181
1969625115	2015-11-30T03:41:18	2289950	2428289	dire	dire	2928
1969543976	2015-11-30T02:09:40	2428289	1633432	radiant	dire	2928
1967130053	2015-11-29T02:45:02	2289950	2428289	dire	dire	2928
1967010599	2015-11-29T01:39:43	2428289	2622695	radiant	dire	2928
1966946711	2015-11-28T23:59:47	2428289	2622695	radiant	radiant	2928
1966569981	2015-11-28T19:33:15	2428289	2626049	radiant	radiant	2928
1966451645	2015-11-28T18:37:11	2626049	2428289	dire	radiant	2928
1979918793	2015-12-05T01:37:49	2428289	2284551	dire	dire	4049
1975586960	2015-12-03T02:30:54	2428289	1983178	dire	radiant	4181
1967172017	2015-11-29T03:37:42	2289950	2428289	radiant	dire	2928
1966885590	2015-11-28T23:07:23	2622695	2428289	radiant	radiant	2928
1959894535	2015-11-25T23:57:05	2512249	2428289	radiant	dire	3902
1959849601	2015-11-25T22:36:42	2512249	2428289	radiant	radiant	3902
1986226788	2015-12-07T13:51:24	2640025	1375614	dire	dire	3877
1986033095	2015-12-07T13:04:51	20	1375614	dire	radiant	3877
1983789179	2015-12-06T12:36:10	2374212	1375614	dire	dire	3877
1983670950	2015-12-06T11:37:40	1375614	2374212	radiant	dire	3877
1981276967	2015-12-05T13:45:33	2626685	1375614	dire	dire	3877
1981123655	2015-12-05T12:53:24	1375614	1836806	radiant	dire	3877
1933313553	2015-11-13T18:39:26	350190	1375614	dire	dire	3671
1933221699	2015-11-13T17:30:07	1375614	350190	radiant	radiant	3671
1990288169	2015-12-09T12:32:15	1375614	2539098	dire	dire	3877
1990205250	2015-12-09T11:34:10	2539098	1375614	radiant	dire	3877
1988156275	2015-12-08T12:59:51	2535378	1375614	radiant	radiant	3877
1988057006	2015-12-08T11:40:34	1375614	2535378	dire	dire	3877
1986323827	2015-12-07T14:42:23	1375614	2640025	dire	dire	3877
1985948156	2015-12-07T11:38:25	1375614	20	dire	dire	3877
1981383777	2015-12-05T15:01:37	1375614	2626685	dire	dire	3877
1981005393	2015-12-05T12:01:08	1836806	1375614	radiant	radiant	3877
1940322974	2015-11-16T21:12:37	2605682	1375614	radiant	radiant	3671
1933499561	2015-11-13T20:19:01	1375614	1883502	dire	radiant	3671
1933436361	2015-11-13T19:29:44	1883502	1375614	radiant	radiant	3671
1932523720	2015-11-13T12:30:31	1375614	1883502	dire	dire	3671
1869193271	2015-10-16T00:05:28	NA	2508798	dire	radiant	3340
1867247563	2015-10-15T03:47:50	2508798	NA	radiant	radiant	3340
1867114887	2015-10-15T01:38:40	2508798	NA	radiant	dire	3340
1865037157	2015-10-14T02:32:54	NA	2508798	dire	dire	3340
1840811287	2015-10-03T23:08:50	2508798	NA	radiant	dire	3340
1833034961	2015-10-01T01:59:31	NA	2508798	dire	dire	3340
1832984362	2015-10-01T01:05:14	2508798	NA	radiant	radiant	3340
1767572327	2015-09-04T01:26:37	NA	2508798	dire	radiant	3340
1868693826	2015-10-15T17:37:08	1965150	2508798	radiant	radiant	3340
1867196691	2015-10-15T03:06:27	2508798	NA	dire	radiant	3340
1830277436	2015-09-29T21:37:55	2508798	NA	dire	radiant	3340
1827916118	2015-09-28T23:01:16	2508798	NA	dire	radiant	3340
1775523635	2015-09-07T00:13:23	2508798	NA	dire	dire	3340
1775443257	2015-09-06T22:11:11	2508798	NA	dire	radiant	3340
1775384274	2015-09-06T21:34:57	NA	2508798	radiant	radiant	3340
1977185724	2015-12-03T18:58:50	2578382	2579635	radiant	radiant	4127
1977090717	2015-12-03T17:53:35	2579635	2578382	dire	radiant	4127
1957536975	2015-11-24T19:11:36	2535294	2578382	dire	dire	4038
1957442415	2015-11-24T18:17:58	2578382	2535294	radiant	radiant	4038
1923905104	2015-11-08T20:20:39	2578382	2537481	radiant	radiant	3976
1923689583	2015-11-08T18:32:46	2578382	2391764	radiant	dire	3902
1923537726	2015-11-08T17:06:43	2391764	2578382	dire	dire	3902
1918604695	2015-11-06T17:49:09	2579635	2578382	dire	dire	4038
1918459882	2015-11-06T16:37:04	2579635	2578382	dire	radiant	4038
1990572559	2015-12-09T14:41:22	2621843	2578382	radiant	dire	4127
1968118848	2015-11-29T12:20:07	NA	2578382	radiant	radiant	4127
1967961902	2015-11-29T10:53:31	2578382	2538753	dire	dire	4127
1959457495	2015-11-25T17:53:38	2537481	2578382	radiant	dire	3902
1959328718	2015-11-25T16:55:50	2578382	2537481	dire	radiant	3902
1925934163	2015-11-09T20:46:56	2578382	2163	dire	radiant	3902
1925851339	2015-11-09T19:51:18	2163	2578382	radiant	dire	3902
1924085071	2015-11-08T22:59:59	2537481	2578382	radiant	dire	3976
1924019854	2015-11-08T21:43:17	2537481	2578382	radiant	dire	3976
1921325796	2015-11-07T19:54:21	55	2578382	radiant	radiant	3976
1921113705	2015-11-07T18:10:26	2578382	55	dire	radiant	3976
1972999288	2015-12-01T17:48:44	2537636	59	dire	dire	4210
1896597832	2015-10-27T18:57:29	2537481	59	dire	dire	3726
1852878769	2015-10-08T23:17:07	59	2535946	radiant	dire	3990
1852699312	2015-10-08T20:10:17	59	2322014	radiant	dire	3990
1852546502	2015-10-08T18:49:49	59	NA	radiant	dire	3990
1852452725	2015-10-08T17:51:35	59	NA	radiant	radiant	3990
1852392066	2015-10-08T17:09:37	59	NA	radiant	radiant	3990
1847488995	2015-10-06T15:55:15	59	NA	radiant	dire	3990
1847339270	2015-10-06T14:29:47	59	NA	radiant	radiant	3990
1847265081	2015-10-06T13:54:41	59	NA	radiant	radiant	3990
1973200167	2015-12-01T19:33:33	2537636	59	radiant	radiant	4210
1973112556	2015-12-01T18:48:10	59	2537636	dire	dire	4210
1896776555	2015-10-27T20:35:52	59	2537481	dire	radiant	3726
1896686306	2015-10-27T19:37:40	2537481	59	radiant	radiant	3726
1896676514	2015-10-27T19:51:28	2537481	59	radiant	radiant	3726
1852945222	2015-10-09T00:28:59	2533520	59	radiant	dire	3990
1852844267	2015-10-08T22:33:59	59	2535946	dire	radiant	3990
1847533148	2015-10-06T15:59:57	59	NA	dire	dire	3990
1935761438	2015-11-14T19:26:01	1951061	1333179	dire	radiant	3671
1935652231	2015-11-14T18:24:50	1333179	1951061	radiant	radiant	3671
1934792707	2015-11-14T12:18:10	1333179	15	radiant	radiant	3671
1914980142	2015-11-05T03:17:23	1333179	3	radiant	radiant	3781
1912591737	2015-11-03T23:59:55	2428289	1333179	dire	NA	3781
1912523456	2015-11-03T22:46:24	2428289	1333179	dire	radiant	3781
1903304443	2015-10-30T23:55:35	2555665	1333179	dire	NA	3902
1901235128	2015-10-30T01:05:36	1333179	3	radiant	dire	3902
1901140200	2015-10-29T23:29:32	3	1333179	dire	dire	3902
1940059203	2015-11-16T18:16:52	111474	1333179	radiant	radiant	3671
1936007405	2015-11-14T21:55:55	1333179	15	dire	radiant	3671
1935904612	2015-11-14T20:43:46	1333179	15	dire	dire	3671
1935496652	2015-11-14T17:26:58	1333179	1951061	dire	dire	3671
1934939086	2015-11-14T13:27:22	1333179	15	dire	dire	3671
1934639165	2015-11-14T11:09:43	1333179	15	dire	dire	3671
1915027713	2015-11-05T04:24:50	1333179	3	dire	radiant	3781
1914914423	2015-11-05T02:26:56	1333179	3	dire	radiant	3781
1914605531	2015-11-04T20:34:28	1333179	3	dire	dire	3902
1903463895	2015-10-31T01:55:22	2555665	1333179	radiant	radiant	3902
1903415213	2015-10-31T01:02:55	1333179	2555665	dire	radiant	3902
1974939502	2015-12-02T17:01:22	46	3	dire	dire	4112
1973325825	2015-12-01T21:29:52	3	2535294	radiant	dire	4112
1972001584	2015-12-01T08:46:59	1148284	3	dire	dire	4112
1964524740	2015-11-28T03:50:48	2555665	3	dire	dire	3902
1964455435	2015-11-28T02:43:53	3	2555665	radiant	radiant	3902
1964268761	2015-11-27T23:31:39	2512249	3	dire	dire	3902
1964210652	2015-11-27T22:37:28	3	2512249	radiant	dire	3902
1959987099	2015-11-26T01:39:14	3	2555665	radiant	radiant	3902
1957974007	2015-11-25T02:45:31	2512249	3	dire	dire	3902
1957930465	2015-11-25T01:41:32	2512249	3	dire	radiant	3902
1974775000	2015-12-02T16:04:21	46	3	radiant	radiant	4112
1974091429	2015-12-02T09:56:09	2006913	3	radiant	dire	4112
1974009775	2015-12-02T08:47:26	3	2006913	dire	dire	4112
1973223875	2015-12-01T20:00:27	2535294	3	radiant	radiant	4112
1972303233	2015-12-01T11:57:09	3	2276247	dire	dire	4112
1972195323	2015-12-01T10:52:48	2276247	3	radiant	dire	4112
1972091798	2015-12-01T09:40:42	1148284	3	radiant	radiant	4112
1964386416	2015-11-28T01:46:51	3	2555665	dire	dire	3902
1960084115	2015-11-26T03:34:04	3	2555665	dire	dire	3902
1960034541	2015-11-26T02:32:16	2555665	3	radiant	radiant	3902
1966042019	2015-11-28T15:38:04	1804536	2246141	radiant	dire	4127
1959409000	2015-11-25T17:44:05	2552670	1804536	dire	radiant	4127
1959325975	2015-11-25T16:32:24	1804536	2552670	radiant	dire	4127
1966296125	2015-11-28T17:38:42	1804536	2246141	dire	radiant	4127
1966176012	2015-11-28T16:33:44	2246141	1804536	radiant	radiant	4127
1961794988	2015-11-26T20:44:34	1804536	36	dire	radiant	3902
1961725996	2015-11-26T19:34:09	1804536	36	dire	radiant	3902
1909825881	2015-11-02T17:15:51	2586976	1804536	radiant	radiant	3902
1909728487	2015-11-02T16:31:37	2586976	1804536	radiant	dire	3902
1878309670	2015-10-19T16:30:13	111474	1804536	radiant	radiant	3781
1878188855	2015-10-19T15:39:14	111474	1804536	radiant	dire	3781
1859245564	2015-10-11T11:50:57	1804536	2163	dire	dire	3671
1859099828	2015-10-11T10:45:07	2163	1804536	radiant	radiant	3671
1857579936	2015-10-10T19:21:58	46	1804536	radiant	dire	3671
1857452302	2015-10-10T18:27:09	1804536	46	dire	radiant	3671
1856445758	2015-10-10T12:14:14	111474	1804536	radiant	radiant	3671
1856265434	2015-10-10T10:59:27	1804536	111474	dire	dire	3671
1850550371	2015-10-07T21:50:38	2519319	1804536	radiant	dire	3534
1850490203	2015-10-07T21:07:27	2519319	1804536	radiant	radiant	3534
1939902040	2015-11-16T16:26:57	1520578	15	radiant	radiant	3671
1939712379	2015-11-16T14:59:22	1520578	15	radiant	radiant	3671
1935285857	2015-11-14T15:31:43	4	1520578	dire	dire	3671
1935113449	2015-11-14T14:37:28	1520578	4	radiant	radiant	3671
1934912028	2015-11-14T13:15:44	543897	1520578	dire	dire	3671
1934624087	2015-11-14T10:46:16	543897	1520578	dire	dire	3671
1899380119	2015-10-29T05:13:39	15	1520578	dire	dire	3502
1895011855	2015-10-27T03:14:00	2163	1520578	dire	dire	3502
1893683763	2015-10-26T12:32:11	1520578	726228	radiant	radiant	3502
1945972951	2015-11-19T18:50:47	1520578	2586976	dire	dire	3671
1945878388	2015-11-19T17:45:09	1520578	2586976	dire	dire	3671
1943762819	2015-11-18T16:29:53	39	1520578	radiant	dire	3671
1943612348	2015-11-18T15:24:25	39	1520578	radiant	radiant	3671
1934749751	2015-11-14T11:59:38	543897	1520578	radiant	dire	3671
1911497618	2015-11-03T13:57:11	5	1520578	radiant	dire	3781
1911348429	2015-11-03T12:41:27	5	1520578	radiant	radiant	3781
1899675778	2015-10-29T08:42:50	4	1520578	radiant	radiant	3502
1895730544	2015-10-27T11:58:44	1520578	1883502	dire	radiant	3502
1895629515	2015-10-27T10:53:53	1883502	1520578	radiant	radiant	3502
1895114957	2015-10-27T04:45:12	1520578	2163	dire	radiant	3502
1981383777	2015-12-05T15:01:37	1375614	2626685	dire	dire	3877
1980828286	2015-12-05T10:42:21	2626685	2374212	radiant	dire	3877
1980734611	2015-12-05T09:49:25	2374212	2626685	dire	radiant	3877
1978896942	2015-12-04T15:28:47	2539098	2626685	dire	radiant	3877
1978795091	2015-12-04T14:21:10	2626685	2539098	radiant	radiant	3877
1976447166	2015-12-03T12:53:06	2626685	20	radiant	dire	3877
1990336970	2015-12-09T12:51:08	2626685	2640025	dire	radiant	3877
1990238297	2015-12-09T11:50:29	2640025	2626685	radiant	dire	3877
1981276967	2015-12-05T13:45:33	2626685	1375614	dire	dire	3877
1980553570	2015-12-05T08:59:32	1836806	2626685	radiant	radiant	3877
1980456514	2015-12-05T07:45:38	2626685	1836806	dire	dire	3877
1978104707	2015-12-04T08:41:43	2535378	2626685	radiant	dire	3877
1978010490	2015-12-04T07:48:28	2626685	2535378	dire	radiant	3877
1976307200	2015-12-03T11:54:56	20	2626685	radiant	radiant	3877
1989111047	2015-12-08T20:39:58	1846548	1966890	radiant	dire	4119
1988838826	2015-12-08T17:59:05	1846548	1966890	radiant	dire	4119
1977070054	2015-12-03T17:29:12	2635413	1846548	dire	dire	4119
1925390997	2015-11-09T15:31:01	2512130	1846548	dire	radiant	3902
1920844431	2015-11-07T16:17:05	1846548	2276247	radiant	radiant	3902
1920646508	2015-11-07T14:29:54	2276247	1846548	dire	dire	3902
1912054994	2015-11-03T17:36:02	2006913	1846548	dire	dire	3902
1868675358	2015-10-15T17:32:21	1846548	2533520	radiant	dire	3726
1868585012	2015-10-15T16:33:06	2533520	1846548	dire	radiant	3726
1988981733	2015-12-08T19:01:09	1966890	1846548	radiant	radiant	4119
1969056477	2015-11-29T19:30:02	1846548	36	dire	dire	3902
1968956176	2015-11-29T18:05:25	36	1846548	radiant	radiant	3902
1925166406	2015-11-09T13:58:17	2512130	1846548	radiant	dire	3902
1920795200	2015-11-07T15:55:07	1846548	2276247	dire	radiant	3902
1920504001	2015-11-07T13:35:53	2276247	1846548	radiant	radiant	3902
1916750523	2015-11-05T20:39:41	1846548	2512130	dire	dire	3726
1916659100	2015-11-05T19:44:46	2512130	1846548	radiant	dire	3726
1912138819	2015-11-03T18:11:02	1846548	2006913	dire	dire	3902
1911911315	2015-11-03T16:47:21	1846548	2006913	dire	dire	3902
1849493356	2015-10-07T13:13:47	1846548	468841	dire	radiant	3990
1989916015	2015-12-09T08:51:04	2535378	2374212	radiant	radiant	3877
1989858274	2015-12-09T07:40:09	2374212	2535378	dire	dire	3877
1988156275	2015-12-08T12:59:51	2535378	1375614	radiant	radiant	3877
1988057006	2015-12-08T11:40:34	1375614	2535378	dire	dire	3877
1986037077	2015-12-07T12:52:42	2640025	2535378	dire	dire	3877
1978567344	2015-12-04T13:36:04	2535378	2539098	radiant	radiant	3877
1978432836	2015-12-04T12:06:14	2539098	2535378	dire	dire	3877
1978302612	2015-12-04T10:55:13	2535378	1836806	radiant	dire	3877
1978193829	2015-12-04T09:46:52	1836806	2535378	dire	dire	3877
1978104707	2015-12-04T08:41:43	2535378	2626685	radiant	dire	3877
1978010490	2015-12-04T07:48:28	2626685	2535378	dire	radiant	3877
1968144999	2015-11-29T12:11:28	2535378	NA	radiant	dire	4177
1949260278	2015-11-21T08:27:10	2535378	2552118	radiant	radiant	3902
1985922873	2015-12-07T11:39:32	2535378	2640025	dire	dire	3877
1983562843	2015-12-06T10:40:30	20	2535378	radiant	radiant	3877
1983448490	2015-12-06T09:58:01	2535378	20	dire	radiant	3877
1962916430	2015-11-27T12:18:12	2535378	2536645	dire	radiant	3902
1962823899	2015-11-27T11:03:44	2536645	2535378	radiant	radiant	3902
1960502464	2015-11-26T08:54:00	2535378	4	dire	radiant	3902
1960426129	2015-11-26T07:58:05	4	2535378	radiant	radiant	3902
1848022276	2015-10-06T19:41:01	2246141	2526472	dire	radiant	3534
1847900065	2015-10-06T18:28:02	2246141	2526472	dire	radiant	3534
1845639642	2015-10-05T20:40:28	2526472	2293413	radiant	dire	3534
1845467796	2015-10-05T19:03:46	2293413	2526472	dire	dire	3534
1838021264	2015-10-02T20:21:38	2526472	2535294	radiant	radiant	3726
1837882700	2015-10-02T19:27:11	2535294	2526472	dire	dire	3726
1835109527	2015-10-01T18:36:44	2526472	2085365	radiant	radiant	3781
1835070722	2015-10-01T18:37:31	2526472	2085365	radiant	NA	3781
1834919789	2015-10-01T17:13:08	2085365	2526472	dire	dire	3781
1832784278	2015-09-30T21:24:42	2526472	2006913	radiant	dire	3502
1832721655	2015-09-30T20:29:13	2006913	2526472	dire	dire	3502
1832262143	2015-09-30T17:05:31	2006913	2526472	dire	dire	3502
1827709336	2015-09-28T19:54:46	2519319	2526472	dire	dire	3502
1827577454	2015-09-28T18:49:29	2519319	2526472	dire	dire	3502
1822326913	2015-09-26T20:17:49	2085365	2526472	dire	dire	3502
1822174770	2015-09-26T18:51:38	2085365	2526472	dire	dire	3502
1816785755	2015-09-24T16:39:25	46	2526472	dire	dire	3502
1834706362	2015-10-01T16:04:16	2085365	2526472	radiant	dire	3781
1832617510	2015-09-30T19:34:18	2006913	2526472	radiant	radiant	3502
1832469058	2015-09-30T18:32:02	2006913	2526472	radiant	radiant	3502
1993681846	2015-12-11T02:00:02	2289950	2527544	dire	dire	4052
1993575807	2015-12-10T23:43:00	2289950	2527544	dire	dire	4052
1991509189	2015-12-10T01:25:33	2527544	1557544	radiant	dire	3071
1989357622	2015-12-08T23:47:42	2527544	1557544	radiant	dire	4052
1989294857	2015-12-08T22:43:38	1557544	2527544	dire	radiant	4052
1982471764	2015-12-05T23:26:32	2596350	2527544	dire	dire	3688
1977507911	2015-12-03T22:57:38	2411531	2527544	dire	radiant	4052
1977476084	2015-12-03T22:20:38	2527544	2411531	radiant	radiant	4052
1966550122	2015-11-28T19:18:57	2284551	2527544	dire	dire	4049
1966404720	2015-11-28T18:25:41	2527544	2284551	radiant	dire	4049
1953756945	2015-11-23T01:39:35	2527544	780157	radiant	radiant	4052
1953726955	2015-11-23T00:49:24	780157	2527544	dire	dire	4052
1993626956	2015-12-11T00:45:47	2527544	2289950	dire	dire	4052
1991546484	2015-12-10T02:23:27	1557544	2527544	radiant	dire	3071
1979972406	2015-12-05T02:35:34	2527544	67	dire	radiant	2747
1979835843	2015-12-05T00:14:10	2527544	1276923	dire	dire	2747
1977651028	2015-12-04T02:26:03	2527544	2605682	dire	dire	2747
1975468988	2015-12-02T23:51:04	2527544	2627986	dire	radiant	4049
1975420240	2015-12-02T23:04:43	2627986	2527544	radiant	dire	4049
1979899654	2015-12-05T01:17:10	67	1276923	dire	dire	2747
1979835843	2015-12-05T00:14:10	2527544	1276923	dire	dire	2747
1899108535	2015-10-29T00:23:40	1333179	1276923	dire	radiant	3902
1899058374	2015-10-28T23:14:45	1276923	1333179	radiant	dire	3902
1880890696	2015-10-20T21:48:37	1276923	2428289	radiant	dire	3781
1876876719	2015-10-19T01:00:02	2350559	1276923	dire	dire	3482
1876838230	2015-10-19T00:01:30	1276923	2350559	radiant	dire	3482
1876794798	2015-10-18T23:23:28	2350559	1276923	dire	dire	3482
1987304367	2015-12-08T02:31:25	1276923	67	dire	radiant	2747
1977598954	2015-12-04T01:02:25	2605682	1276923	radiant	dire	4181
1901327318	2015-10-30T03:05:55	1276923	2555665	dire	dire	3902
1901280922	2015-10-30T02:05:38	1276923	2555665	dire	dire	3902
1898968807	2015-10-28T22:11:45	1333179	1276923	radiant	dire	3902
1896909802	2015-10-27T22:30:07	3	1276923	radiant	dire	3902
1896852388	2015-10-27T21:42:42	1276923	3	dire	radiant	3902
1880993135	2015-10-20T23:49:10	1276923	2428289	dire	radiant	3781
1880952227	2015-10-20T22:42:41	2428289	1276923	radiant	radiant	3781
1876728280	2015-10-18T22:24:50	1276923	2350559	dire	radiant	3482
1996656177	2015-12-12T09:50:06	2524644	2635099	dire	dire	3877
1996459672	2015-12-12T08:15:45	2635099	2524644	radiant	dire	3877
1985942921	2015-12-07T11:44:29	2635099	NA	radiant	radiant	4177
1985541175	2015-12-07T07:56:26	2635099	2552118	radiant	dire	3877
1983395564	2015-12-06T09:32:37	2635099	2538621	radiant	radiant	3877
1983228466	2015-12-06T08:23:48	2635099	5	radiant	dire	3877
1983152233	2015-12-06T07:18:29	5	2635099	dire	radiant	3877
1978910213	2015-12-04T15:31:01	2208748	2635099	dire	radiant	3877
1978788237	2015-12-04T14:26:22	2635099	2208748	radiant	dire	3877
1976726146	2015-12-03T14:45:56	2511019	2635099	dire	dire	3877
1999336017	2015-12-13T08:53:23	2640025	2635099	radiant	radiant	3877
1999173165	2015-12-13T07:57:37	2635099	2640025	dire	radiant	3877
1990091568	2015-12-09T10:32:07	2221790	2635099	radiant	radiant	3877
1990008182	2015-12-09T09:40:43	2635099	2221790	dire	radiant	3877
1985643808	2015-12-07T08:57:56	2552118	2635099	radiant	dire	3877
1983531572	2015-12-06T10:38:52	2538621	2635099	radiant	radiant	3877
1977651028	2015-12-04T02:26:03	2527544	2605682	dire	dire	2747
1977598954	2015-12-04T01:02:25	2605682	1276923	radiant	dire	4181
1973577843	2015-12-02T02:39:43	2560984	2605682	dire	radiant	4037
1973536762	2015-12-02T01:37:04	2605682	2560984	radiant	radiant	4037
1971475587	2015-12-01T00:09:24	2605682	2021022	radiant	dire	4049
1966899966	2015-11-28T23:46:25	2429870	2605682	dire	dire	2928
1966722242	2015-11-28T21:28:19	2605682	2429870	radiant	radiant	2928
1940322974	2015-11-16T21:12:37	2605682	1375614	radiant	radiant	3671
1977717457	2015-12-04T03:38:48	2605682	67	dire	dire	2747
1971532592	2015-12-01T01:08:35	2021022	2605682	radiant	radiant	4049
1969411308	2015-11-29T23:40:27	2605682	1633432	dire	dire	2928
1967042162	2015-11-29T01:15:45	2605682	2289950	dire	dire	2928
1966996073	2015-11-29T00:50:50	2289950	2605682	radiant	radiant	2928
1966839041	2015-11-28T22:28:58	2429870	2605682	radiant	radiant	2928
1964326849	2015-11-28T00:47:58	2549611	2605682	radiant	radiant	2928
1942170116	2015-11-17T20:25:49	2605682	15	dire	dire	3671
1942091280	2015-11-17T19:22:54	2605682	15	dire	dire	3671
1885205766	2015-10-23T01:26:45	2512249	2534655	dire	radiant	3781
1867165311	2015-10-15T02:23:00	2534655	2428289	radiant	radiant	3781
1867090510	2015-10-15T00:44:10	2534655	2428289	radiant	radiant	3781
1858086320	2015-10-11T01:53:09	2534655	1884355	radiant	dire	3671
1858029219	2015-10-11T00:41:27	2534655	1884355	radiant	dire	3671
1857370581	2015-10-10T18:08:35	2534655	3	radiant	radiant	3671
1850772413	2015-10-08T02:18:36	2534655	1937628	radiant	radiant	3990
1850724603	2015-10-08T01:32:25	2534655	1937628	radiant	radiant	3990
1850662398	2015-10-08T00:20:58	2429870	2534655	dire	radiant	3990
1850579130	2015-10-07T22:23:42	2429870	2534655	dire	dire	3990
1845973904	2015-10-06T02:12:22	2556678	2534655	dire	radiant	3781
1885237640	2015-10-23T02:17:24	2534655	2512249	dire	dire	3781
1885172256	2015-10-23T00:30:07	2534655	2512249	dire	radiant	3781
1867123917	2015-10-15T01:32:33	2428289	2534655	radiant	radiant	3781
1860696973	2015-10-12T00:36:00	2534655	1333179	dire	radiant	3671
1860641768	2015-10-11T23:32:14	2534655	1333179	dire	radiant	3671
1857734276	2015-10-10T20:33:50	2428289	2534655	radiant	radiant	3671
1857647461	2015-10-10T19:48:18	2428289	2534655	radiant	radiant	3671
1857540142	2015-10-10T18:49:30	3	2534655	radiant	radiant	3671
1850616911	2015-10-07T23:21:54	2429870	2534655	radiant	radiant	3990
1993071556	2015-12-10T17:19:07	2538753	2552670	dire	dire	4127
1992867471	2015-12-10T16:21:37	2552670	2538753	radiant	radiant	4127
1977261270	2015-12-03T20:00:12	2552670	2276247	radiant	NA	4119
1975320432	2015-12-02T21:06:59	2246141	2552670	dire	dire	4127
1975268049	2015-12-02T20:22:34	2552670	2246141	radiant	radiant	4127
1955653337	2015-11-23T22:20:25	2552670	55	radiant	dire	3976
1955590443	2015-11-23T21:01:58	2552670	55	radiant	radiant	3976
1955308858	2015-11-23T17:58:12	2552670	2535294	radiant	dire	3976
1955171278	2015-11-23T16:39:14	2535294	2552670	dire	dire	3976
1931539645	2015-11-12T19:06:01	55	2552670	dire	radiant	3976
1927793797	2015-11-10T20:02:26	2552670	2246141	radiant	radiant	3976
1927712156	2015-11-10T19:07:37	2246141	2552670	dire	radiant	3976
1977299267	2015-12-03T19:56:30	2552670	2276247	dire	NA	4119
1959409000	2015-11-25T17:44:05	2552670	1804536	dire	radiant	4127
1959325975	2015-11-25T16:32:24	1804536	2552670	radiant	dire	4127
1955721321	2015-11-23T23:13:51	55	2552670	radiant	radiant	3976
1955500899	2015-11-23T20:20:15	55	2552670	radiant	radiant	3976
1931705818	2015-11-12T21:16:37	2552670	55	dire	dire	3976
1931620410	2015-11-12T20:19:09	2552670	55	dire	radiant	3976
1998524308	2015-12-13T00:03:18	2406808	NA	radiant	radiant	4122
1998419993	2015-12-12T22:03:11	2406808	1187598	radiant	radiant	4122
1953765367	2015-11-23T01:41:28	2406808	1176808	radiant	radiant	1774
1944379815	2015-11-19T00:54:53	2406808	2432761	radiant	radiant	4038
1944343071	2015-11-19T00:02:50	2406808	2432761	radiant	dire	4038
1938683825	2015-11-16T02:18:09	2568421	2406808	dire	radiant	1774
1938632362	2015-11-16T01:12:53	2505636	2406808	dire	dire	1774
1930015783	2015-11-12T02:49:53	2591499	2406808	dire	dire	4038
1924112390	2015-11-08T23:04:33	2406808	2270766	radiant	dire	4038
1921998822	2015-11-08T04:21:51	2406808	2323376	radiant	radiant	4038
1921881939	2015-11-08T03:07:46	2406808	2323376	radiant	dire	4038
1899106887	2015-10-29T00:12:10	2406808	1114900	radiant	dire	4038
1953892112	2015-11-23T03:58:01	2406808	2505636	dire	dire	1774
1938736994	2015-11-16T03:16:09	2384790	2406808	radiant	dire	1774
1929986376	2015-11-12T01:25:27	2406808	2591499	dire	dire	4038
1924155054	2015-11-09T00:07:34	2406808	2270766	dire	dire	4038
1908381824	2015-11-02T02:52:25	2575010	2406808	radiant	radiant	4038
1908321651	2015-11-02T01:41:50	2406808	2575010	dire	radiant	4038
1899069359	2015-10-28T23:25:39	2406808	1114900	dire	dire	4038
1987771019	2015-12-08T08:29:58	2374212	20	dire	dire	3877
1987681922	2015-12-08T07:43:17	20	2374212	radiant	dire	3877
1985948156	2015-12-07T11:38:25	1375614	20	dire	dire	3877
1983562843	2015-12-06T10:40:30	20	2535378	radiant	radiant	3877
1983448490	2015-12-06T09:58:01	2535378	20	dire	radiant	3877
1976307200	2015-12-03T11:54:56	20	2626685	radiant	radiant	3877
1962994793	2015-11-27T12:23:26	1983234	20	dire	dire	3904
1962871056	2015-11-27T11:40:19	20	1983234	radiant	radiant	3904
1990735675	2015-12-09T15:53:09	20	2640025	dire	radiant	3877
1990601842	2015-12-09T14:46:08	2640025	20	radiant	dire	3877
1986033095	2015-12-07T13:04:51	20	1375614	dire	radiant	3877
1985804964	2015-12-07T10:57:16	20	2539098	dire	radiant	3877
1985742948	2015-12-07T09:43:31	2539098	20	radiant	dire	3877
1976710610	2015-12-03T14:49:13	20	1836806	dire	NA	3877
1976570453	2015-12-03T13:48:42	1836806	20	radiant	dire	3877
1976447166	2015-12-03T12:53:06	2626685	20	radiant	dire	3877
1965473790	2015-11-28T11:55:37	2524644	20	radiant	dire	3904
1965385305	2015-11-28T11:25:22	20	2524644	dire	radiant	3904
1954276467	2015-11-23T09:04:48	20	2221790	dire	dire	3904
1954221009	2015-11-23T08:19:51	2221790	20	radiant	dire	3904
1986158099	2015-12-07T13:45:40	965163	2558097	radiant	dire	3890
1968201453	2015-11-29T12:59:03	965163	2541923	radiant	NA	3890
1968060453	2015-11-29T11:35:07	2541923	965163	dire	NA	3890
1921341948	2015-11-07T19:31:37	965163	2118290	radiant	radiant	3890
1920892130	2015-11-07T16:32:52	2118290	965163	dire	radiant	3890
1915936022	2015-11-05T13:46:49	965163	2107036	radiant	dire	3890
1904626228	2015-10-31T13:00:16	2309743	965163	dire	dire	3890
1649763964	2015-07-21T14:29:12	965163	1688551	radiant	radiant	3501
1647418182	2015-07-20T14:37:59	2293748	965163	dire	dire	3501
1986320001	2015-12-07T15:04:12	2558097	965163	radiant	radiant	3890
1985926422	2015-12-07T11:58:59	2558097	965163	radiant	radiant	3890
1954635893	2015-11-23T12:34:32	965163	2618480	dire	NA	3890
1954457723	2015-11-23T11:31:08	2618480	965163	radiant	NA	3890
1921129957	2015-11-07T18:22:31	965163	2118290	dire	radiant	3890
1662011183	2015-07-26T08:07:03	2240771	965163	radiant	radiant	3501
1652880624	2015-07-22T16:27:15	965163	2386523	dire	dire	3501
1647367477	2015-07-20T14:38:23	2293748	965163	radiant	NA	3501
1918457362	2015-11-06T16:52:10	2586976	2085365	dire	dire	3781
1916733881	2015-11-05T20:59:31	2535294	2085365	dire	dire	3865
1914652159	2015-11-04T21:30:20	2006913	2085365	dire	radiant	3781
1914566969	2015-11-04T20:13:42	2006913	2085365	dire	dire	3781
1912363394	2015-11-03T20:20:13	2006913	2085365	dire	dire	3865
1910123817	2015-11-02T20:53:28	2006913	2085365	dire	dire	3534
1909892980	2015-11-02T18:10:51	55	2085365	dire	dire	3534
1898755808	2015-10-28T19:17:02	2085365	2276247	radiant	dire	3534
1892523143	2015-10-25T20:44:10	2085365	46	radiant	dire	3726
1918729624	2015-11-06T18:58:56	2085365	2586976	dire	dire	3781
1918614355	2015-11-06T17:53:19	2586976	2085365	radiant	dire	3781
1914506207	2015-11-04T19:24:33	2006913	2085365	radiant	radiant	3781
1914177497	2015-11-04T16:40:53	2085365	2586976	dire	dire	3865
1914031829	2015-11-04T15:36:45	2586976	2085365	radiant	dire	3865
1912442166	2015-11-03T21:56:44	2006913	2085365	radiant	radiant	3865
1910241246	2015-11-02T22:29:00	2006913	2085365	radiant	radiant	3534
1909999488	2015-11-02T19:09:06	2085365	55	dire	dire	3534
1898681654	2015-10-28T18:16:37	2276247	2085365	radiant	radiant	3534
1896372335	2015-10-27T16:42:29	46	2085365	radiant	radiant	3726
1892437179	2015-10-25T19:44:04	46	2085365	radiant	radiant	3726
1992304058	2015-12-10T11:39:53	2108395	2413439	dire	dire	3902
1992218032	2015-12-10T10:49:42	2108395	2413439	dire	dire	3902
1990513975	2015-12-09T14:19:01	254140	2413439	dire	dire	3902
1990311698	2015-12-09T13:08:50	2413439	254140	radiant	dire	3902
1987917560	2015-12-08T10:16:47	2413439	2108395	radiant	radiant	3902
1976598712	2015-12-03T13:48:09	2413439	24	radiant	dire	4210
1976408278	2015-12-03T13:03:31	24	2413439	dire	dire	4210
1918057836	2015-11-06T13:50:39	2413439	1049537	radiant	radiant	3902
1917876368	2015-11-06T12:59:01	2413439	1049537	radiant	dire	3902
1888837185	2015-10-24T13:46:24	24	2413439	dire	radiant	3902
1883694107	2015-10-22T10:06:08	2413439	1148284	radiant	dire	3781
1992598958	2015-12-10T14:00:50	2413439	350190	dire	radiant	3902
1992443724	2015-12-10T12:59:56	350190	2413439	radiant	radiant	3902
1992093748	2015-12-10T10:00:07	2413439	2108395	dire	radiant	3902
1987996464	2015-12-08T11:16:51	2413439	2108395	dire	radiant	3902
1987850446	2015-12-08T09:26:15	2108395	2413439	radiant	dire	3902
1889038526	2015-10-24T14:34:05	2413439	24	dire	radiant	3902
1888697937	2015-10-24T12:35:01	2413439	24	dire	dire	3902
1883925766	2015-10-22T12:10:41	2413439	1148284	dire	dire	3781
1883807581	2015-10-22T11:13:05	2413439	1148284	dire	radiant	3781
1914852668	2015-11-05T01:12:53	1718551	2512249	radiant	radiant	3781
1914800303	2015-11-04T23:48:02	1718551	2512249	radiant	NA	3781
1899209393	2015-10-29T02:52:40	2428289	1718551	dire	radiant	3902
1895026231	2015-10-27T03:10:13	1718551	2350559	radiant	radiant	3902
1894976357	2015-10-27T02:00:00	1718551	2350559	radiant	radiant	3902
1885100147	2015-10-22T22:59:33	1718551	1333179	radiant	radiant	3781
1885023977	2015-10-22T22:00:39	1333179	1718551	dire	radiant	3781
1867080514	2015-10-15T00:44:43	3	1718551	dire	dire	3781
1921687382	2015-11-07T23:10:44	2512249	1718551	radiant	radiant	3902
1921641351	2015-11-07T22:34:43	1718551	2512249	dire	radiant	3902
1919185854	2015-11-07T00:56:13	1718551	2512249	dire	radiant	3781
1919132235	2015-11-06T23:50:38	1718551	2512249	dire	radiant	3781
1919064824	2015-11-06T22:44:44	2512249	1718551	radiant	radiant	3781
1914767643	2015-11-04T22:59:08	1718551	2512249	dire	dire	3781
1899304415	2015-10-29T03:42:39	1718551	2428289	dire	dire	3902
1899165793	2015-10-29T01:20:25	2428289	1718551	radiant	dire	3902
1894921878	2015-10-27T01:21:10	2350559	1718551	radiant	radiant	3902
1867031755	2015-10-14T23:43:37	1718551	3	dire	radiant	3781
1964398347	2015-11-28T01:48:25	2350559	2549611	radiant	dire	2928
1897004922	2015-10-28T00:34:23	2428289	2350559	dire	dire	3902
1894921878	2015-10-27T01:21:10	2350559	1718551	radiant	radiant	3902
1883002695	2015-10-21T22:48:34	2350559	67	radiant	dire	3781
1933384351	2015-11-13T19:07:35	2350559	2586976	dire	dire	3671
1933285495	2015-11-13T18:14:16	2350559	2586976	dire	radiant	3671
1932543343	2015-11-13T11:39:43	2350559	726228	dire	dire	3671
1932455121	2015-11-13T10:52:19	2350559	726228	dire	radiant	3671
1897085339	2015-10-28T02:35:05	2350559	2428289	dire	dire	3902
1897046546	2015-10-28T01:22:56	2428289	2350559	radiant	radiant	3902
1895026231	2015-10-27T03:10:13	1718551	2350559	radiant	radiant	3902
1894976357	2015-10-27T02:00:00	1718551	2350559	radiant	radiant	3902
1883035033	2015-10-21T23:56:34	67	2350559	radiant	dire	3781
1882946073	2015-10-21T21:52:49	67	2350559	radiant	NA	3781
1876876719	2015-10-19T01:00:02	2350559	1276923	dire	dire	3482
1876838230	2015-10-19T00:01:30	1276923	2350559	radiant	dire	3482
1876794798	2015-10-18T23:23:28	2350559	1276923	dire	dire	3482
1990613515	2015-12-09T14:49:10	2221790	5	radiant	radiant	3877
1990091568	2015-12-09T10:32:07	2221790	2635099	radiant	radiant	3877
1990008182	2015-12-09T09:40:43	2635099	2221790	dire	radiant	3877
1988475200	2015-12-08T14:36:21	1983234	2221790	dire	dire	3877
1985807238	2015-12-07T10:30:09	2221790	2511019	radiant	dire	3877
1985724478	2015-12-07T09:43:02	2511019	2221790	dire	dire	3877
1983977335	2015-12-06T13:42:33	2221790	2208748	radiant	radiant	3877
1983831389	2015-12-06T12:50:19	2221790	2538621	radiant	radiant	3877
1983687886	2015-12-06T11:49:51	2538621	2221790	dire	dire	3877
1983288394	2015-12-06T08:25:00	2552118	2221790	dire	dire	3877
1980774462	2015-12-05T10:24:16	2539098	2221790	dire	dire	3904
1980552989	2015-12-05T08:28:11	2539098	2221790	dire	radiant	3904
1990447881	2015-12-09T13:54:55	5	2221790	radiant	dire	3877
1988316634	2015-12-08T13:55:48	2221790	1983234	dire	radiant	3877
1988156942	2015-12-08T12:20:37	2221790	1951061	dire	radiant	3877
1988049105	2015-12-08T11:43:28	1951061	2221790	radiant	radiant	3877
1984124734	2015-12-06T14:42:47	2208748	2221790	radiant	dire	3877
1983156951	2015-12-06T07:48:18	2221790	2552118	dire	dire	3877
1980644465	2015-12-05T09:25:22	2221790	2539098	dire	radiant	3904
1962947847	2015-11-27T12:37:35	2524644	2221790	radiant	radiant	3904
1997826332	2015-12-12T16:58:51	2533075	NA	radiant	radiant	4122
1997723251	2015-12-12T16:09:11	2533075	1671008	radiant	radiant	4122
1989039776	2015-12-08T19:30:19	2531618	2533075	dire	dire	2954
1959697743	2015-11-25T20:28:38	2341834	2533075	dire	dire	4038
1959602047	2015-11-25T19:33:19	2533075	2341834	radiant	dire	4038
1933672854	2015-11-13T23:19:17	867556	2533075	dire	dire	4038
1933615688	2015-11-13T22:12:27	2533075	867556	radiant	dire	4038
1918804806	2015-11-06T19:31:00	2527560	2533075	dire	dire	4038
1918652246	2015-11-06T18:34:46	2533075	2527560	radiant	radiant	4038
1912454007	2015-11-03T21:36:48	2533075	1511017	radiant	dire	4038
1989243997	2015-12-08T22:02:50	2531618	2533075	radiant	radiant	2954
1989131709	2015-12-08T20:49:39	2533075	2531618	dire	dire	2954
1979508313	2015-12-04T19:52:16	1966890	2533075	radiant	radiant	2954
1979365845	2015-12-04T18:53:43	2533075	1966890	dire	dire	2954
1961836509	2015-11-26T21:08:37	2537481	2533075	radiant	radiant	4127
1961736287	2015-11-26T20:04:07	2533075	2537481	dire	radiant	4127
1954351083	2015-11-23T10:10:28	1855457	1698169	radiant	radiant	4002
1954232525	2015-11-23T08:59:16	1698169	1855457	dire	dire	4002
1915363182	2015-11-05T08:36:42	2416531	1855457	dire	dire	4002
1806113672	2015-09-20T03:52:48	1855457	2315966	radiant	radiant	3793
1736543570	2015-08-23T02:45:16	1855457	2330869	radiant	radiant	3545
1662581863	2015-07-26T12:13:53	1855457	2330869	radiant	radiant	3462
1662385766	2015-07-26T10:58:04	2330869	1855457	dire	NA	3462
1660193137	2015-07-25T14:45:52	1855457	2150333	radiant	dire	3462
1660035995	2015-07-25T13:23:10	2150333	1855457	dire	dire	3462
1659568280	2015-07-25T10:19:01	740055	1855457	dire	dire	3462
1659399499	2015-07-25T08:58:56	1855457	740055	radiant	NA	3462
1928596737	2015-11-11T09:38:52	1855457	2450271	dire	radiant	4002
1928516969	2015-11-11T08:43:14	2450271	1855457	radiant	dire	4002
1915450646	2015-11-05T09:33:14	1855457	2416531	dire	dire	4002
1890243610	2015-10-25T02:08:31	1698169	1855457	radiant	dire	3793
1846628451	2015-10-06T09:15:02	1855457	2556173	dire	dire	3990
1806253419	2015-09-20T05:39:29	2450271	1855457	radiant	radiant	3793
1736630094	2015-08-23T03:55:35	1855457	NA	dire	dire	3545
1659801033	2015-07-25T12:16:24	1855457	2150333	dire	dire	3462
1365753725	2015-04-01T12:07:46	1855457	1485614	dire	dire	2409
1856277098	2015-10-10T10:45:47	2559655	2201839	radiant	radiant	3671
1856136349	2015-10-10T09:52:30	2559655	2201839	radiant	dire	3671
1855762430	2015-10-10T06:22:08	2413439	2559655	dire	dire	3671
1855464942	2015-10-10T03:15:29	2559655	2108395	radiant	radiant	3671
1849980582	2015-10-07T16:21:38	494197	2559655	dire	dire	3990
1849807672	2015-10-07T15:19:42	494197	2559655	dire	radiant	3990
1849476525	2015-10-07T13:21:22	2504903	2559655	dire	dire	3990
1849214098	2015-10-07T11:14:29	2504903	2559655	dire	dire	3990
1858731320	2015-10-11T07:54:28	2559655	350190	dire	radiant	3671
1858611690	2015-10-11T07:13:48	2559655	350190	dire	radiant	3671
1855672011	2015-10-10T05:20:23	2559655	2413439	dire	dire	3671
1855572077	2015-10-10T04:20:54	2559655	2108395	dire	radiant	3671
1849351674	2015-10-07T12:06:26	2559655	2504903	dire	radiant	3990
1977448664	2015-12-03T22:03:36	2538753	2579635	radiant	radiant	4127
1977335203	2015-12-03T20:21:04	2538753	2579635	radiant	radiant	4127
1967961902	2015-11-29T10:53:31	2578382	2538753	dire	dire	4127
1852876559	2015-10-08T23:05:46	2538753	2531618	radiant	radiant	3990
1852802746	2015-10-08T21:41:43	2538753	NA	radiant	dire	3990
1852726061	2015-10-08T20:38:20	2538753	2546968	radiant	radiant	3990
1852616802	2015-10-08T19:38:28	2538753	1962472	radiant	dire	3990
1852521658	2015-10-08T18:20:11	2538753	2171858	radiant	dire	3990
1852453698	2015-10-08T17:37:12	2538753	2531777	radiant	dire	3990
1847620242	2015-10-06T16:28:16	2512130	2538753	dire	radiant	3990
1847515661	2015-10-06T15:37:43	2538753	1313402	radiant	radiant	3990
1993071556	2015-12-10T17:19:07	2538753	2552670	dire	dire	4127
1992867471	2015-12-10T16:21:37	2552670	2538753	radiant	radiant	4127
1981861829	2015-12-05T17:40:08	2537481	2538753	radiant	dire	4127
1981748451	2015-12-05T16:39:17	2538753	2537481	dire	dire	4127
1977388985	2015-12-03T21:13:11	NA	2538753	radiant	radiant	4127
1880544221	2015-10-20T17:42:06	46	2538753	radiant	dire	3726
1880449525	2015-10-20T16:47:09	2538753	46	dire	dire	3726
1854352197	2015-10-09T15:01:33	2538753	2535294	dire	radiant	3990
1849284396	2015-10-07T11:58:56	2557050	2538753	radiant	radiant	3990
1994662524	2015-12-11T13:29:29	1148284	24	dire	dire	4210
1978524377	2015-12-04T12:45:09	350190	24	dire	dire	4210
1915800648	2015-11-05T12:32:50	1049537	24	dire	dire	3902
1889038526	2015-10-24T14:34:05	2413439	24	dire	radiant	3902
1888697937	2015-10-24T12:35:01	2413439	24	dire	dire	3902
1885895154	2015-10-23T10:43:34	24	1148284	radiant	dire	3781
1885790956	2015-10-23T09:27:37	24	1148284	radiant	dire	3781
1884349784	2015-10-22T15:07:40	254140	24	dire	dire	3781
1884061610	2015-10-22T13:24:45	254140	24	dire	dire	3781
1994541759	2015-12-11T12:29:29	24	1148284	dire	radiant	4210
1978665269	2015-12-04T13:46:37	24	350190	dire	dire	4210
1976598712	2015-12-03T13:48:09	2413439	24	radiant	dire	4210
1976408278	2015-12-03T13:03:31	24	2413439	dire	dire	4210
1916097965	2015-11-05T14:52:51	24	1049537	dire	dire	3902
1915917704	2015-11-05T13:47:29	24	1049537	dire	radiant	3902
1910991017	2015-11-03T09:35:55	543897	24	radiant	radiant	3781
1910922561	2015-11-03T08:52:36	543897	24	radiant	dire	3781
1888837185	2015-10-24T13:46:24	24	2413439	dire	radiant	3902
1884222744	2015-10-22T14:14:50	24	254140	dire	dire	3781
1869430869	2015-10-16T04:49:47	1937628	1321909	radiant	radiant	3552
1869301167	2015-10-16T02:17:11	1937628	1321909	radiant	dire	3552
1860741704	2015-10-12T01:37:11	1937628	1718551	radiant	radiant	3671
1850644419	2015-10-07T23:30:03	2276507	1937628	dire	radiant	3990
1850608328	2015-10-07T22:57:26	1937628	2276507	radiant	radiant	3990
1848140475	2015-10-06T21:03:04	NA	1937628	dire	dire	3990
1848026391	2015-10-06T19:35:41	2009778	1937628	dire	dire	3990
1792269484	2015-09-14T01:53:26	1276923	1937628	dire	dire	3798
1792180572	2015-09-13T23:36:26	1937628	1276923	radiant	radiant	3798
1869359791	2015-10-16T03:23:10	1321909	1937628	radiant	radiant	3552
1860802489	2015-10-12T02:32:30	1718551	1937628	radiant	radiant	3671
1860581241	2015-10-11T22:22:58	1937628	1276923	dire	dire	3671
1860444381	2015-10-11T21:03:39	1276923	1937628	radiant	radiant	3671
1850772413	2015-10-08T02:18:36	2534655	1937628	radiant	radiant	3990
1850724603	2015-10-08T01:32:25	2534655	1937628	radiant	radiant	3990
1798800611	2015-09-17T04:03:34	2059672	1937628	radiant	dire	3779
1798755649	2015-09-17T03:17:57	1937628	2059672	dire	radiant	3779
1796686774	2015-09-16T01:59:08	1937628	3	dire	radiant	3798
1796628725	2015-09-16T00:39:47	3	1937628	radiant	radiant	3798
1792222053	2015-09-14T00:29:22	1276923	1937628	radiant	radiant	3798
1987304367	2015-12-08T02:31:25	1276923	67	dire	radiant	2747
1985137140	2015-12-07T01:47:17	67	2556649	radiant	dire	3688
1985080626	2015-12-07T00:29:35	2556649	67	dire	dire	3688
1979972406	2015-12-05T02:35:34	2527544	67	dire	radiant	2747
1977717457	2015-12-04T03:38:48	2605682	67	dire	dire	2747
1973580266	2015-12-02T02:36:54	67	1199060	radiant	radiant	4049
1973527731	2015-12-02T01:43:43	1199060	67	dire	radiant	4049
1955737631	2015-11-23T23:34:41	67	1275310	radiant	radiant	4049
1955712182	2015-11-23T22:42:31	1275310	67	dire	radiant	4049
1883035033	2015-10-21T23:56:34	67	2350559	radiant	dire	3781
1882946073	2015-10-21T21:52:49	67	2350559	radiant	NA	3781
1979899654	2015-12-05T01:17:10	67	1276923	dire	dire	2747
1887340297	2015-10-23T22:27:09	67	2428289	dire	dire	3781
1887287755	2015-10-23T21:29:37	2428289	67	radiant	dire	3781
1883002695	2015-10-21T22:48:34	2350559	67	radiant	dire	3781
1845844446	2015-10-05T23:33:58	67	1718551	dire	dire	3781
1845829038	2015-10-05T23:36:14	67	1718551	dire	radiant	3781
1845733695	2015-10-05T22:16:03	1718551	67	radiant	radiant	3781
1998745589	2015-12-13T03:36:25	1633432	2289950	radiant	radiant	4052
1998667668	2015-12-13T02:35:34	2289950	1633432	dire	dire	4052
1995942102	2015-12-12T01:16:29	1633432	1557544	radiant	radiant	4052
1995891107	2015-12-12T00:31:16	1557544	1633432	dire	radiant	4052
1991596919	2015-12-10T03:24:16	1633432	2642781	radiant	dire	3688
1991526281	2015-12-10T02:08:28	2642781	1633432	dire	radiant	3688
1987318053	2015-12-08T02:28:55	1633432	2288360	radiant	dire	4049
1987276632	2015-12-08T01:36:51	2288360	1633432	dire	dire	4049
1987165929	2015-12-07T23:51:51	1798457	1633432	dire	radiant	4037
1984841829	2015-12-06T20:53:43	1633432	2556386	radiant	radiant	4052
1984774380	2015-12-06T19:42:57	2556386	1633432	dire	dire	4052
1982793904	2015-12-06T04:01:46	2199564	1633432	dire	radiant	3579
1982702936	2015-12-06T02:59:28	1633432	2199564	radiant	radiant	3579
1982558285	2015-12-06T00:36:59	1633432	2577368	radiant	radiant	3579
1982503065	2015-12-05T23:40:57	2577368	1633432	dire	dire	3579
1982305694	2015-12-05T21:30:30	1633432	2289950	radiant	dire	4052
1982408108	2015-12-05T22:48:26	1633432	2289950	dire	radiant	4052
1982224704	2015-12-05T20:32:35	2289950	1633432	radiant	radiant	4052
1998728401	2015-12-13T03:17:16	2297434	2375694	radiant	dire	3714
1951323913	2015-11-22T03:36:48	2297434	2578568	radiant	dire	3714
1936398520	2015-11-15T03:40:23	2297434	2593629	radiant	radiant	3714
1936296906	2015-11-15T02:50:07	2593629	2297434	dire	radiant	3714
1921872500	2015-11-08T02:40:14	2581567	2297434	dire	dire	3714
1794473628	2015-09-15T00:41:59	2297434	2114497	radiant	radiant	2793
1794432289	2015-09-15T00:01:39	2114497	2297434	dire	dire	2793
1767740401	2015-09-04T03:59:53	1849249	2297434	dire	radiant	2793
1767686543	2015-09-04T02:38:01	2297434	1849249	radiant	radiant	2793
1714420598	2015-08-15T02:10:39	2297434	285155	radiant	radiant	2793
1714369602	2015-08-15T01:33:32	285155	2297434	dire	dire	2793
1703572129	2015-08-11T01:16:50	1877079	2297434	dire	dire	2793
1703530953	2015-08-11T00:28:57	2297434	1877079	radiant	radiant	2793
1998661691	2015-12-13T02:17:02	2297434	2375694	dire	radiant	3714
1982805020	2015-12-06T04:22:19	2588839	2297434	radiant	dire	3714
1982681117	2015-12-06T03:19:06	2588839	2297434	radiant	radiant	3714
1951240302	2015-11-22T02:24:37	NA	2297434	radiant	dire	3714
1810821652	2015-09-22T02:41:28	857700	2297434	radiant	dire	2793
1991417422	2015-12-09T23:12:29	2622348	2246141	dire	radiant	4127
1991284189	2015-12-09T20:58:26	2622348	2246141	dire	dire	4127
1969291018	2015-11-29T21:32:12	2537481	2246141	dire	dire	4127
1969140935	2015-11-29T19:43:46	2537481	2246141	dire	dire	4127
1968530466	2015-11-29T14:58:02	2163	2246141	dire	radiant	3902
1966296125	2015-11-28T17:38:42	1804536	2246141	dire	radiant	4127
1966176012	2015-11-28T16:33:44	2246141	1804536	radiant	radiant	4127
1991342880	2015-12-09T22:19:52	2246141	2622348	dire	dire	4127
1983602094	2015-12-06T11:21:34	2246141	111474	dire	radiant	3534
1983480663	2015-12-06T10:02:45	111474	2246141	radiant	radiant	3534
1981088223	2015-12-05T12:31:09	2586976	2246141	radiant	radiant	3534
1980941553	2015-12-05T11:37:53	2586976	2246141	radiant	dire	3534
1975320432	2015-12-02T21:06:59	2246141	2552670	dire	dire	4127
1975268049	2015-12-02T20:22:34	2552670	2246141	radiant	radiant	4127
1969207949	2015-11-29T20:43:54	2246141	2537481	dire	NA	4127
1968850618	2015-11-29T16:59:16	2246141	2163	dire	dire	3902
1968712897	2015-11-29T16:05:30	2246141	2163	dire	dire	3902
1966042019	2015-11-28T15:38:04	1804536	2246141	radiant	dire	4127
1847664762	2015-10-06T16:42:25	NA	1529126	dire	dire	3990
1847371524	2015-10-06T14:44:24	1529126	NA	radiant	radiant	3990
1847235955	2015-10-06T13:52:24	1529126	NA	radiant	dire	3990
1827765663	2015-09-28T20:44:53	2134429	1529126	dire	dire	3552
1827694520	2015-09-28T19:38:37	2134429	1529126	dire	radiant	3552
1817080704	2015-09-24T19:17:59	1937202	1529126	dire	dire	3552
1817004590	2015-09-24T18:30:12	1529126	1937202	radiant	dire	3552
1814841742	2015-09-23T19:49:46	1529126	2526472	radiant	dire	3534
1781768033	2015-09-09T20:27:41	1529126	2246141	radiant	radiant	3534
1923527808	2015-11-08T16:51:05	1529126	2552670	dire	dire	3976
1912443120	2015-11-03T21:15:15	2586976	1529126	radiant	dire	3902
1912386269	2015-11-03T20:42:54	2586976	1529126	radiant	dire	3902
1894505061	2015-10-26T18:54:04	2519319	1529126	radiant	dire	3534
1894427686	2015-10-26T18:02:38	1529126	2519319	dire	radiant	3534
1878765721	2015-10-19T21:07:27	46	1529126	radiant	dire	3534
1878643611	2015-10-19T19:35:13	1529126	46	dire	dire	3534
1862629324	2015-10-12T20:58:08	1883502	1529126	radiant	dire	3534
1862498912	2015-10-12T19:43:41	1529126	1883502	dire	dire	3534
1849288708	2015-10-07T11:46:52	1529126	NA	dire	radiant	3990
1814754480	2015-09-23T18:51:36	1529126	2526472	dire	radiant	3534
1976872752	2015-12-03T15:59:25	2568483	543897	dire	radiant	2693
1976575639	2015-12-03T13:54:49	543897	2568483	radiant	dire	2693
1976212191	2015-12-03T11:24:19	350190	543897	dire	radiant	4210
1935806999	2015-11-14T19:40:11	543897	4	radiant	dire	3671
1935692127	2015-11-14T18:49:31	4	543897	dire	dire	3671
1935535689	2015-11-14T17:32:41	111474	543897	dire	dire	3671
1935428959	2015-11-14T16:37:00	543897	111474	radiant	radiant	3671
1995503349	2015-12-11T19:22:25	1883502	543897	radiant	radiant	3781
1995395126	2015-12-11T18:34:54	543897	1883502	dire	dire	3781
1991188850	2015-12-09T19:51:57	543897	2586976	dire	radiant	3781
1991112163	2015-12-09T18:53:28	2586976	543897	radiant	dire	3781
1978808826	2015-12-04T14:42:35	543897	2581813	dire	radiant	2693
1978661081	2015-12-04T13:39:41	2581813	543897	radiant	radiant	2693
1976725714	2015-12-03T14:57:16	2568483	543897	radiant	radiant	2693
1976132158	2015-12-03T09:50:05	543897	350190	dire	radiant	4210
1943130017	2015-11-18T11:10:59	2586976	543897	radiant	radiant	3671
1943053613	2015-11-18T10:18:14	543897	2586976	dire	radiant	3671
1941267862	2015-11-17T11:53:40	543897	1838315	dire	radiant	3671
1941150735	2015-11-17T10:53:52	543897	1838315	dire	radiant	3671
1934912028	2015-11-14T13:15:44	543897	1520578	dire	dire	3671
1977381184	2015-12-03T21:19:01	2537636	55	dire	radiant	4119
1977296293	2015-12-03T20:05:57	2537636	55	dire	dire	4210
1977059438	2015-12-03T17:48:41	55	2537636	radiant	radiant	4210
1973374077	2015-12-01T22:39:20	55	2579635	radiant	radiant	4210
1973277364	2015-12-01T20:58:08	2579635	55	dire	radiant	4210
1955721321	2015-11-23T23:13:51	55	2552670	radiant	radiant	3976
1955500899	2015-11-23T20:20:15	55	2552670	radiant	radiant	3976
1931705818	2015-11-12T21:16:37	2552670	55	dire	dire	3976
1931620410	2015-11-12T20:19:09	2552670	55	dire	radiant	3976
1929624798	2015-11-11T19:19:31	2163	55	dire	dire	3534
1925671652	2015-11-09T17:53:15	55	2512130	radiant	radiant	3976
1925541366	2015-11-09T16:52:05	2512130	55	dire	dire	3976
1977204801	2015-12-03T18:51:33	2537636	55	radiant	radiant	4210
1977381184	2015-12-03T21:19:01	2537636	55	dire	radiant	4119
1977296293	2015-12-03T20:05:57	2537636	55	dire	dire	4210
1977059438	2015-12-03T17:48:41	55	2537636	radiant	radiant	4210
1973374077	2015-12-01T22:39:20	55	2579635	radiant	radiant	4210
1973277364	2015-12-01T20:58:08	2579635	55	dire	radiant	4210
1955721321	2015-11-23T23:13:51	55	2552670	radiant	radiant	3976
1955500899	2015-11-23T20:20:15	55	2552670	radiant	radiant	3976
1931705818	2015-11-12T21:16:37	2552670	55	dire	dire	3976
1931620410	2015-11-12T20:19:09	2552670	55	dire	radiant	3976
1929624798	2015-11-11T19:19:31	2163	55	dire	dire	3534
1925671652	2015-11-09T17:53:15	55	2512130	radiant	radiant	3976
1925541366	2015-11-09T16:52:05	2512130	55	dire	dire	3976
1977204801	2015-12-03T18:51:33	2537636	55	radiant	radiant	4210
1961529238	2015-11-26T17:49:12	2246141	55	radiant	dire	3902
1961403719	2015-11-26T16:40:37	55	2246141	dire	dire	3902
1955653337	2015-11-23T22:20:25	2552670	55	radiant	dire	3976
1955590443	2015-11-23T21:01:58	2552670	55	radiant	radiant	3976
1931539645	2015-11-12T19:06:01	55	2552670	dire	radiant	3976
1929522822	2015-11-11T18:13:39	55	2163	dire	dire	3534
1925870462	2015-11-09T20:07:19	2337632	1297607	radiant	radiant	4044
1838119191	2015-10-02T22:04:44	1978830	2337632	dire	radiant	3447
1838038829	2015-10-02T20:45:18	2337632	1978830	radiant	radiant	3447
1837706096	2015-10-02T18:07:38	1978830	2337632	dire	radiant	3447
1805359605	2015-09-19T19:05:13	2337632	2156222	radiant	dire	3447
1805218822	2015-09-19T18:04:19	2156222	2337632	dire	dire	3447
1789028326	2015-09-12T19:59:45	2401408	2337632	dire	radiant	3447
1788957698	2015-09-12T18:57:43	2337632	2401408	radiant	dire	3447
1777445553	2015-09-07T19:34:06	2337632	1715428	radiant	dire	3284
1777347881	2015-09-07T18:31:43	1715428	2337632	dire	dire	3284
1751889734	2015-08-28T19:11:36	1978830	2337632	dire	dire	3284
1749264497	2015-08-27T19:42:25	1590236	2337632	dire	radiant	3284
1946155500	2015-11-19T20:39:57	2337632	2590141	dire	radiant	4044
1946082183	2015-11-19T19:50:17	2590141	2337632	radiant	radiant	4044
1925763660	2015-11-09T19:06:32	1297607	2337632	radiant	dire	4044
1837942424	2015-10-02T19:53:32	1978830	2337632	radiant	dire	3447
1837853364	2015-10-02T18:59:56	2337632	1978830	dire	dire	3447
1788875254	2015-09-12T18:21:02	2401408	2337632	radiant	dire	3447
1752002300	2015-08-28T20:11:20	2337632	1978830	dire	radiant	3284
1749105937	2015-08-27T18:20:22	2337632	1590236	dire	dire	3284
1992039438	2015-12-10T09:06:50	2416531	2560500	dire	radiant	4002
1969984575	2015-11-30T08:39:17	2560500	740055	radiant	radiant	4002
1936534515	2015-11-15T05:50:32	2593529	2560500	dire	radiant	2812
1936326413	2015-11-15T03:15:08	2593529	2560500	dire	radiant	2812
1936193645	2015-11-15T00:41:10	2560500	2559551	radiant	radiant	2812
1936148880	2015-11-14T23:51:58	2559551	2560500	dire	dire	2812
1932484889	2015-11-13T10:56:27	2557147	2560500	dire	dire	2812
1930420547	2015-11-12T09:13:05	1698169	2560500	dire	dire	4002
1970063860	2015-11-30T09:38:23	740055	2560500	radiant	dire	4002
1942975628	2015-11-18T09:51:38	2560500	2450271	dire	radiant	4002
1942905106	2015-11-18T08:33:27	2450271	2560500	radiant	dire	4002
1936420610	2015-11-15T04:33:45	2560500	2593529	dire	radiant	2812
1932203281	2015-11-13T07:20:45	1698169	2560500	radiant	radiant	2812
1930554829	2015-11-12T10:10:45	2560500	1698169	dire	dire	4002
1890251836	2015-10-25T02:30:55	NA	2560500	radiant	radiant	3793
1964109480	2015-11-27T21:19:12	867556	1511017	radiant	dire	4038
1964064935	2015-11-27T20:26:17	1511017	867556	dire	dire	4038
1925892974	2015-11-09T20:15:53	2341834	867556	dire	radiant	4038
1925801925	2015-11-09T19:16:09	867556	2341834	radiant	dire	4038
1909952382	2015-11-02T18:35:15	2418974	867556	dire	dire	4038
1909912553	2015-11-02T18:03:50	2418974	867556	dire	dire	4038
1905296447	2015-10-31T17:54:36	867556	709976	radiant	radiant	4038
1905157058	2015-10-31T16:42:54	709976	867556	dire	radiant	4038
1817262160	2015-09-24T21:43:25	867556	960081	radiant	radiant	3552
1817188901	2015-09-24T20:41:02	960081	867556	dire	radiant	3552
1975407018	2015-12-02T23:00:56	1055544	867556	radiant	dire	2954
1975353093	2015-12-02T21:51:08	867556	1055544	dire	dire	2954
1933672854	2015-11-13T23:19:17	867556	2533075	dire	dire	4038
1933615688	2015-11-13T22:12:27	2533075	867556	radiant	dire	4038
1837928719	2015-10-02T20:10:08	2134429	867556	radiant	radiant	3552
1837793785	2015-10-02T18:42:26	867556	2134429	dire	dire	3552
1812682690	2015-09-22T20:48:20	2489866	867556	radiant	radiant	3552
1997384372	2015-12-12T15:05:52	2330985	2524644	dire	dire	3877
1965473790	2015-11-28T11:55:37	2524644	20	radiant	dire	3904
1965385305	2015-11-28T11:25:22	20	2524644	dire	radiant	3904
1962947847	2015-11-27T12:37:35	2524644	2221790	radiant	radiant	3904
1962870873	2015-11-27T11:24:58	2221790	2524644	dire	radiant	3904
1962631603	2015-11-27T09:18:10	2524644	1983234	radiant	dire	3904
1962568198	2015-11-27T08:22:02	1983234	2524644	dire	dire	3904
1949388546	2015-11-21T09:22:46	2524644	2330985	radiant	radiant	3902
1997644408	2015-12-12T16:04:53	2524644	2330985	dire	radiant	3877
1997233675	2015-12-12T13:32:35	2524644	2330985	dire	dire	3877
1996656177	2015-12-12T09:50:06	2524644	2635099	dire	dire	3877
1996459672	2015-12-12T08:15:45	2635099	2524644	radiant	dire	3877
1949474470	2015-11-21T10:58:38	2330985	2524644	radiant	radiant	3902
1947266429	2015-11-20T12:27:19	2524644	2539098	dire	radiant	3904
1947183783	2015-11-20T11:23:08	2539098	2524644	radiant	radiant	3904
1944733667	2015-11-19T07:11:03	2524644	1836806	dire	NA	3902
1944644143	2015-11-19T06:08:52	1836806	2524644	radiant	dire	3902
1939060385	2015-11-16T08:27:57	2524644	2539098	dire	dire	3902
1939009806	2015-11-16T07:25:49	2539098	2524644	radiant	radiant	3902
1867812269	2015-10-15T11:02:51	1951061	2524644	radiant	dire	3781
1981861829	2015-12-05T17:40:08	2537481	2538753	radiant	dire	4127
1981748451	2015-12-05T16:39:17	2538753	2537481	dire	dire	4127
1979553906	2015-12-04T20:19:20	2537481	1838315	radiant	radiant	3902
1979480692	2015-12-04T19:30:11	2537481	1838315	radiant	dire	3902
1975142109	2015-12-02T19:01:10	2537481	2535294	radiant	NA	4119
1974375547	2015-12-02T12:35:27	2537481	2163	radiant	dire	3902
1974288129	2015-12-02T11:41:40	2537481	2163	radiant	dire	3902
1973218862	2015-12-01T20:02:47	2537481	2006913	radiant	radiant	3902
1969207949	2015-11-29T20:43:54	2246141	2537481	dire	NA	4127
1961836509	2015-11-26T21:08:37	2537481	2533075	radiant	radiant	4127
1961736287	2015-11-26T20:04:07	2533075	2537481	dire	radiant	4127
1959770055	2015-11-25T21:23:49	2537481	2622348	radiant	dire	4127
1959703085	2015-11-25T20:34:36	2622348	2537481	dire	dire	4127
1974175894	2015-12-02T10:48:59	2537481	2163	dire	radiant	3902
1973372973	2015-12-01T21:49:18	2537481	2006913	dire	dire	3902
1973312892	2015-12-01T21:14:02	2006913	2537481	radiant	radiant	3902
1969291018	2015-11-29T21:32:12	2537481	2246141	dire	dire	4127
1969140935	2015-11-29T19:43:46	2537481	2246141	dire	dire	4127
1977812932	2015-12-04T05:17:23	2443482	1114900	dire	dire	3747
1977767182	2015-12-04T04:14:03	1114900	2443482	radiant	radiant	3747
1977676613	2015-12-04T02:48:08	1114900	1269321	radiant	dire	3747
1962309744	2015-11-27T05:05:43	1114900	2270766	radiant	dire	4038
1962244028	2015-11-27T04:30:46	1114900	2270766	radiant	dire	4038
1958071371	2015-11-25T04:29:59	1114900	2600882	radiant	dire	4038
1953896534	2015-11-23T03:49:44	1114900	2270766	radiant	dire	3747
1953849157	2015-11-23T02:53:50	1114900	2432761	radiant	radiant	4038
1953812669	2015-11-23T02:26:18	1114900	2432761	radiant	radiant	4038
1953700094	2015-11-23T00:21:12	1114900	2270766	radiant	dire	3747
1926306120	2015-11-10T04:00:17	1114900	1712178	radiant	dire	3747
1926195934	2015-11-10T01:45:53	1114900	1712178	radiant	dire	3747
1977724500	2015-12-04T03:31:38	2443482	1114900	radiant	radiant	3747
1969416911	2015-11-30T00:09:46	2606139	1114900	radiant	radiant	4181
1969361029	2015-11-29T22:47:11	1114900	2606139	dire	radiant	4181
1958145451	2015-11-25T05:32:39	2600882	1114900	radiant	dire	4038
1926233409	2015-11-10T02:41:24	1712178	1114900	radiant	radiant	3747
1910448735	2015-11-03T02:21:43	1269321	1114900	radiant	dire	3747
1910413242	2015-11-03T01:35:48	1114900	1269321	dire	dire	3747
1840089577	2015-10-03T16:57:18	904241	NA	radiant	NA	3747
1835591548	2015-10-02T01:10:16	2096675	904241	dire	radiant	3747
1835529565	2015-10-01T23:49:06	904241	2096675	radiant	radiant	3747
1892912252	2015-10-26T02:59:47	2317119	904241	radiant	dire	3905
1892865331	2015-10-26T02:01:20	904241	2317119	dire	dire	3905
1885287284	2015-10-23T03:29:00	904241	2565871	dire	dire	3747
1885216300	2015-10-23T02:19:08	904241	2565871	dire	dire	3747
1853074713	2015-10-09T02:49:09	2412140	904241	radiant	radiant	3747
1853016375	2015-10-09T01:47:50	904241	2412140	dire	dire	3747
1852917766	2015-10-08T23:32:27	2029690	904241	radiant	dire	3990
1848062381	2015-10-06T19:44:53	2558439	904241	radiant	radiant	3990
1945051989	2015-11-19T11:08:58	7	2243650	dire	NA	3902
1886280848	2015-10-23T13:50:50	2538621	2243650	dire	dire	3904
1886127343	2015-10-23T12:46:55	2243650	2538621	radiant	dire	3904
1870244365	2015-10-16T12:54:37	2208748	2243650	dire	radiant	2985
1945181124	2015-11-19T11:46:33	2243650	7	dire	dire	3902
1942902473	2015-11-18T08:57:17	2243650	1983234	dire	radiant	3902
1942834908	2015-11-18T07:53:11	1983234	2243650	radiant	radiant	3902
1934416678	2015-11-14T09:01:30	2208748	2243650	radiant	radiant	3902
1934325619	2015-11-14T07:57:42	2243650	2208748	dire	radiant	3902
1885981204	2015-10-23T11:48:49	2538621	2243650	radiant	dire	3904
1885801042	2015-10-23T09:49:36	2243650	2374212	dire	dire	3904
1885709265	2015-10-23T08:55:28	2374212	2243650	radiant	radiant	3904
1872949023	2015-10-17T13:39:47	2536645	2243650	radiant	radiant	3904
1872817420	2015-10-17T12:53:30	2243650	2536645	dire	dire	3904
1868142548	2015-10-15T13:43:10	2243650	20	dire	radiant	3781
1801745647	2015-09-18T12:38:53	2536645	2243650	radiant	radiant	3502
1801595668	2015-09-18T11:38:09	2243650	2538621	dire	NA	3502
1800047189	2015-09-17T16:16:50	7	2243650	radiant	radiant	3798
1998359050	2015-12-12T21:33:59	2156039	NA	radiant	dire	4122
1998224479	2015-12-12T19:59:48	2156039	NA	radiant	radiant	4122
1995536665	2015-12-11T19:49:37	2156039	1843730	radiant	radiant	4122
1991409958	2015-12-09T22:48:20	2156039	NA	radiant	radiant	4122
1991384471	2015-12-09T22:28:48	2156039	NA	radiant	dire	4122
1991351338	2015-12-09T21:48:36	2156039	NA	radiant	dire	4122
1991311404	2015-12-09T21:15:21	2156039	NA	radiant	dire	4122
1991242887	2015-12-09T20:22:02	2156039	NA	radiant	radiant	4122
1991170153	2015-12-09T19:38:53	2156039	2274153	radiant	radiant	4122
1991104821	2015-12-09T18:42:51	2156039	2627782	radiant	dire	4122
1991036910	2015-12-09T17:59:20	2156039	NA	radiant	radiant	4122
1990952356	2015-12-09T17:21:39	2156039	1676129	radiant	radiant	4122
1990879109	2015-12-09T16:40:31	2156039	NA	radiant	radiant	4122
1988828667	2015-12-08T17:44:07	NA	2156039	dire	radiant	4122
1986907274	2015-12-07T19:53:36	2156039	2625362	radiant	dire	4122
1986807541	2015-12-07T18:20:12	2156039	NA	radiant	radiant	4122
1986709402	2015-12-07T17:51:27	NA	2156039	dire	dire	4122
1998418211	2015-12-12T22:26:15	2156039	2170713	dire	radiant	4122
1988954062	2015-12-08T18:42:14	2156039	2591520	dire	dire	4122
1986989389	2015-12-07T20:56:57	2156039	2141489	dire	radiant	4122
1868293097	2015-10-15T14:53:46	2320414	2539098	radiant	radiant	3781
1861230648	2015-10-12T08:48:18	2320414	5	radiant	radiant	3671
1861140156	2015-10-12T07:47:15	5	2320414	dire	dire	3671
1859015569	2015-10-11T09:59:40	2320414	2535378	radiant	radiant	3671
1858269891	2015-10-11T04:02:01	2538621	2320414	dire	dire	3671
1858164757	2015-10-11T02:48:16	2320414	2538621	radiant	dire	3671
1851800275	2015-10-08T13:24:44	2320414	2539098	radiant	dire	3990
1851676375	2015-10-08T12:32:47	2539098	2320414	dire	dire	3990
1851178362	2015-10-08T08:01:11	2320414	2552118	radiant	radiant	3990
1863113732	2015-10-13T06:08:35	2320414	1951061	dire	dire	3671
1859146913	2015-10-11T11:09:36	2535378	2320414	radiant	dire	3671
1858534067	2015-10-11T06:22:57	1951061	2320414	radiant	dire	3671
1858421402	2015-10-11T05:34:56	2320414	1951061	dire	radiant	3671
1983531572	2015-12-06T10:38:52	2538621	2635099	radiant	radiant	3877
1980848075	2015-12-05T10:51:08	2511019	2538621	dire	dire	3877
1980731060	2015-12-05T09:57:04	2538621	2511019	radiant	dire	3877
1980564744	2015-12-05T08:49:14	2538621	2208748	radiant	radiant	3877
1978552344	2015-12-04T13:03:24	1983234	2538621	dire	dire	3877
1960799157	2015-11-26T12:33:47	2599914	2538621	dire	radiant	3902
1960655747	2015-11-26T10:54:53	2538621	2599914	radiant	radiant	3902
1990609086	2015-12-09T14:44:28	2538621	1951061	dire	dire	3877
1990480237	2015-12-09T13:54:05	1951061	2538621	radiant	radiant	3877
1990131572	2015-12-09T11:01:27	2538621	2552118	dire	radiant	3877
1990018489	2015-12-09T09:59:58	2552118	2538621	radiant	dire	3877
1988515110	2015-12-08T14:59:23	2538621	5	dire	radiant	3877
1988373598	2015-12-08T14:17:00	5	2538621	radiant	radiant	3877
1983831389	2015-12-06T12:50:19	2221790	2538621	radiant	radiant	3877
1983687886	2015-12-06T11:49:51	2538621	2221790	dire	dire	3877
1983395564	2015-12-06T09:32:37	2635099	2538621	radiant	radiant	3877
1980450456	2015-12-05T07:40:19	2208748	2538621	radiant	radiant	3877
1978385311	2015-12-04T11:56:12	2538621	1983234	dire	radiant	3877
1965013949	2015-11-28T08:27:03	2538621	7	dire	dire	3902
1964897502	2015-11-28T07:38:06	7	2538621	radiant	radiant	3902
1993788992	2015-12-11T04:00:53	2587461	1557544	dire	dire	4052
1993731657	2015-12-11T03:05:11	1557544	2587461	radiant	dire	4052
1991546484	2015-12-10T02:23:27	1557544	2527544	radiant	dire	3071
1977751340	2015-12-04T04:16:00	1557544	2622695	radiant	dire	4052
1977683123	2015-12-04T02:55:02	2622695	1557544	dire	dire	4052
1975603493	2015-12-03T02:38:29	2021022	1557544	dire	radiant	4049
1975558142	2015-12-03T01:50:27	1557544	2021022	radiant	dire	4049
1957868026	2015-11-25T00:04:29	1557544	862976	radiant	radiant	4049
1995942102	2015-12-12T01:16:29	1633432	1557544	radiant	radiant	4052
1995891107	2015-12-12T00:31:16	1557544	1633432	dire	radiant	4052
1991509189	2015-12-10T01:25:33	2527544	1557544	radiant	dire	3071
1989357622	2015-12-08T23:47:42	2527544	1557544	radiant	dire	4052
1989294857	2015-12-08T22:43:38	1557544	2527544	dire	radiant	4052
1977735398	2015-12-04T04:06:52	1557544	2622695	dire	dire	4052
1977655590	2015-12-04T02:08:07	1557544	2622695	dire	dire	4052
1969393914	2015-11-29T23:30:45	2509057	1557544	radiant	radiant	4181
1969356729	2015-11-29T22:21:29	1557544	2509057	dire	dire	4181
1957815976	2015-11-24T23:19:52	862976	1557544	radiant	dire	4049
1894994845	2015-10-27T03:13:05	2554597	1787727	dire	dire	3747
1894946575	2015-10-27T01:34:45	1787727	2554597	radiant	radiant	3747
1885294525	2015-10-23T03:12:00	2571248	1787727	dire	radiant	3747
1885225489	2015-10-23T02:25:13	1787727	2571248	radiant	radiant	3747
1869369879	2015-10-16T03:16:50	1787727	1823456	radiant	dire	3747
1869310930	2015-10-16T02:35:37	1823456	1787727	dire	radiant	3747
1853125108	2015-10-09T03:22:45	1787727	1484405	radiant	radiant	3747
1853071118	2015-10-09T02:33:28	1787727	1484405	radiant	dire	3747
1656200500	2015-07-24T02:00:51	1787727	2431261	radiant	radiant	2793
1638814214	2015-07-17T05:09:05	1787727	1993053	radiant	dire	2793
1946551206	2015-11-20T03:56:25	1787727	2553774	dire	dire	3747
1931999574	2015-11-13T03:05:32	2025964	1787727	radiant	dire	3747
1931955647	2015-11-13T02:09:22	2025964	1787727	radiant	radiant	3747
1725624038	2015-08-19T02:53:52	1787727	1810885	dire	dire	2793
1725579595	2015-08-19T02:02:41	1787727	1810885	dire	radiant	2793
1711728190	2015-08-14T02:49:47	2367049	1787727	radiant	radiant	2793
1711666650	2015-08-14T02:05:18	1787727	2367049	dire	dire	2793
1673870235	2015-07-31T02:41:24	1674258	1787727	radiant	radiant	2793
1673817774	2015-07-31T01:48:54	1787727	1674258	dire	dire	2793
1942627197	2015-11-18T05:05:25	2529081	2550850	radiant	NA	3747
1931980407	2015-11-13T02:39:55	2529081	2544188	radiant	dire	3747
1931948351	2015-11-13T01:55:42	2544188	2529081	dire	dire	3747
1895110764	2015-10-27T04:32:44	2529081	2550850	radiant	dire	3747
1895030422	2015-10-27T03:35:37	2550850	2529081	dire	radiant	3747
1869331087	2015-10-16T02:43:01	2529081	2313752	radiant	radiant	3747
1869281553	2015-10-16T01:55:49	2313752	2529081	dire	dire	3747
1835703384	2015-10-02T03:05:05	2529081	743426	radiant	dire	3747
1835657482	2015-10-02T01:56:50	743426	2529081	dire	dire	3747
1942696979	2015-11-18T06:18:48	2550850	2529081	radiant	radiant	3747
1942553663	2015-11-18T04:00:26	2550850	2529081	radiant	dire	3747
